"Name","Interval Breakdown","Host|CPU|Demand|Avg","Host|CPU|Demand|Max","Host|CPU|Usage|Avg","Host|CPU|Usage|Max","Host|Memory|Utilization|Avg","Host|Memory|Utilization|Max","Host|CPU|Contention (%)|Avg","Host|CPU|Contention (%)|Max","Host|CPU|Capacity Available to VMs|Last","Host|Memory|Capacity Available to VMs|Last","Host|Runtime|Maintenance State|Last"
"hostname1111.domain.at","12:00 AM 21 July 2026","49,491.68","56,450.98","40,440.99","48,623.33","541,147.19","542,149.81","0.34","0.49","124,544","1,536,409.75","notInMaintenance"
"hostname1111.domain.at","1:00 AM 21 July 2026","56,772.91","68,062.31","47,767.46","58,026.67","537,714.94","541,628.56","0.31","6.98","124,544","1,536,420.62","-"
"hostname1111.domain.at","2:00 AM 21 July 2026","52,404.06","59,168.52","43,294.07","50,831.4","534,372.59","536,868.69","0.36","0.61","124,544","1,536,448.38","-"
"hostname1111.domain.at","3:00 AM 21 July 2026","50,996.11","67,666.91","41,407.39","55,659.2","538,102.39","554,375.81","0.39","0.92","124,544","1,536,436.88","-"
"hostname1111.domain.at","4:00 AM 21 July 2026","50,634.29","66,356.78","41,356.17","57,735.2","542,752.42","547,215.75","0.38","0.43","124,544","1,536,437.12","-"
"hostname1111.domain.at","5:00 AM 21 July 2026","55,721.39","74,101.25","46,439.84","65,302.87","545,712.01","557,299.19","0.39","6.84","124,544","1,536,442.75","-"
"hostname1111.domain.at","6:00 AM 21 July 2026","63,439.37","87,051.05","53,969.24","78,375.73","545,371.42","552,534.12","0.31","0.84","124,544","1,536,427.88","-"
"hostname1111.domain.at","7:00 AM 21 July 2026","48,633.1","56,698.52","39,200.43","47,280.6","547,392.8","550,280.06","0.32","0.41","124,544","1,536,419.38","-"
"hostname1111.domain.at","8:00 AM 21 July 2026","53,647.72","58,822.65","44,253.73","49,727.67","553,408","555,002","0.28","0.42","124,544","1,536,430.38","-"
"hostname1111.domain.at","9:00 AM 21 July 2026","57,917.55","71,576.31","48,704.01","62,124.93","556,643.62","561,810.38","0.29","0.48","124,544","1,536,460.25","-"
"hostname1111.domain.at","10:00 AM 21 July 2026","64,795.52","78,676.38","55,467.42","70,912.13","564,275.59","568,621.62","0.22","0.84","124,544","1,536,105.75","-"
"hostname1111.domain.at","11:00 AM 21 July 2026","62,141.06","74,717.05","52,750.54","63,981.2","565,671.98","568,480.31","0.28","0.44","124,544","1,536,510","-"
"hostname1111.domain.at","12:00 PM 21 July 2026","54,006.63","68,420.12","44,496.92","58,320.93","568,184.34","569,116.12","0.32","0.46","124,544","1,536,513","-"
"hostname1111.domain.at","1:00 PM 21 July 2026","57,296.48","68,506.05","48,098.59","59,220","564,403.05","577,180","6.94","6.95","124,084.8","1,536,517.12","-"
"hostname1111.domain.at","2:00 PM 21 July 2026","61,087.57","80,911.11","51,657.02","75,044.07","535,839.43","540,867.12","0.34","0.9","124,544","1,536,507.62","-"
"hostname1111.domain.at","3:00 PM 21 July 2026","54,520.96","63,738.38","45,088.82","53,371","546,396.81","554,888","0.3","6.95","124,544","1,536,509.5","-"
"hostname1111.domain.at","4:00 PM 21 July 2026","66,323.58","78,445.98","57,471.44","71,509.27","543,745.48","545,113","0.34","0.43","124,544","1,536,487.62","-"
"hostname1111.domain.at","5:00 PM 21 July 2026","65,013.42","79,718.78","55,750.4","71,111.4","544,427.65","548,847.94","0.29","0.56","124,544","1,536,496.75","-"
"hostname1111.domain.at","6:00 PM 21 July 2026","59,339.56","66,410.65","49,959.65","59,364.13","530,943.31","538,190.56","0.33","13.56","124,544","1,536,520.25","-"
"hostname1111.domain.at","7:00 PM 21 July 2026","47,767.07","55,818.11","38,315.38","45,827.54","549,974.93","568,418.31","0.38","6.89","124,544","1,536,484.62","-"
"hostname1111.domain.at","8:00 PM 21 July 2026","46,559.12","53,960.58","37,479.5","47,154.87","552,601.33","564,370.69","0.37","6.95","124,544","1,536,494.75","-"
"hostname1111.domain.at","9:00 PM 21 July 2026","50,750.74","60,942.78","41,490.32","54,154.2","543,969.84","550,268.38","0.39","0.49","124,544","1,536,506.62","-"
"hostname1111.domain.at","10:00 PM 21 July 2026","46,428.63","54,074.85","37,220.31","43,482","540,715.05","543,436.81","0.38","6.97","124,544","1,536,473.62","-"
"hostname1111.domain.at","11:00 PM 21 July 2026","42,166.29","46,741.71","32,544.58","37,920.93","531,684.41","538,065.5","0.41","6.65","124,544","1,536,509.75","-"
"hostname1111.domain.at","12:00 AM 22 July 2026","44,174.2","49,843.95","35,488.32","41,700.6","529,652.08","531,373.88","0.39","7.09","124,544","1,536,492.62","-"
"hostname1111.domain.at","1:00 AM 22 July 2026","57,240.67","74,725.45","48,490.31","66,159.34","531,354.35","538,757.75","0.34","0.4","124,544","1,536,489.88","-"
"hostname1111.domain.at","2:00 AM 22 July 2026","56,216.98","71,771.65","46,754.5","61,926.07","487,326.23","522,611.62","0.34","0.34","124,544","1,536,521.25","-"
"hostname1111.domain.at","3:00 AM 22 July 2026","46,488.71","65,409.31","36,997.34","53,988.2","516,033.69","522,739.5","0.36","1.03","124,544","1,536,494.25","-"
"hostname1111.domain.at","4:00 AM 22 July 2026","48,446.31","63,693.71","39,364.38","54,558.67","516,861.02","518,617.19","0.34","0.39","124,544","1,536,498.75","-"
"hostname1111.domain.at","5:00 AM 22 July 2026","53,188.81","65,783.98","44,441.16","56,332.67","521,242.24","527,189.56","0.37","0.43","124,544","1,536,500.5","-"
"hostname1111.domain.at","6:00 AM 22 July 2026","60,519.41","90,491.65","51,189.2","81,770.07","523,329.03","528,448.56","0.28","0.76","124,544","1,536,509.88","-"
"hostname1111.domain.at","7:00 AM 22 July 2026","44,202.5","51,039.11","35,088.8","41,142.8","520,788.62","522,784.47","0.36","6.99","124,544","1,536,523.88","-"
"hostname1111.domain.at","8:00 AM 22 July 2026","49,532.88","54,615.91","40,263.92","45,377.54","537,542.91","543,397.56","0.31","0.39","124,544","1,536,570.38","-"
"hostname1111.domain.at","9:00 AM 22 July 2026","57,410.31","66,404.18","47,952.05","58,178.8","546,480.23","552,005.75","0.28","0.41","124,544","1,536,566.62","-"
"hostname1111.domain.at","10:00 AM 22 July 2026","62,761.71","79,502.38","53,909.26","72,678.73","546,045.26","550,268.94","0.28","0.66","124,544","1,536,544.5","-"
"hostname1111.domain.at","11:00 AM 22 July 2026","64,964.63","83,836.78","55,344.86","72,678.27","546,307.82","566,583.75","0.28","6.9","124,544","1,536,546.62","-"
"hostname1111.domain.at","12:00 PM 22 July 2026","48,505.89","60,803.38","39,179.21","52,419.46","541,235.98","552,838.75","13.6","13.6","124,084.8","1,536,476","-"
"hostname1111.domain.at","1:00 PM 22 July 2026","55,233.81","67,768.18","45,643.24","59,135.67","549,256.27","559,133.75","0.31","0.4","124,544","1,536,453","-"
"hostname1111.domain.at","2:00 PM 22 July 2026","60,700.69","81,217.65","51,567.76","73,836.2","548,891.17","552,011.25","6.96","6.96","124,544","1,536,456.88","-"
"hostname1111.domain.at","3:00 PM 22 July 2026","50,730.64","64,546.25","41,249.4","53,985.54","543,105.96","546,686.88","0.35","0.43","124,544","1,536,473.25","-"
"hostname1111.domain.at","4:00 PM 22 July 2026","61,672.59","76,349.71","52,523.65","68,485.66","545,945.48","547,233.62","0.36","0.58","124,544","1,536,470.88","-"
"hostname1111.domain.at","5:00 PM 22 July 2026","61,440.43","80,734.51","52,337.66","75,676.4","544,842.32","552,324.94","0.36","6.96","124,544","1,536,460.5","-"
"hostname1111.domain.at","6:00 PM 22 July 2026","58,888.49","65,609.98","49,279.71","56,188.93","536,041.85","537,552.94","0.41","0.81","124,544","1,536,484.62","-"
"hostname1111.domain.at","7:00 PM 22 July 2026","48,371.61","64,289.38","38,568.05","54,380.33","549,693.94","563,011.19","0.34","0.45","124,544","1,536,437.38","-"
"hostname1111.domain.at","8:00 PM 22 July 2026","48,592.3","58,433.11","39,263.68","47,988.46","561,984.6","564,550","0.32","0.5","124,544","1,536,427.88","-"
"hostname1111.domain.at","9:00 PM 22 July 2026","51,339.16","61,777.98","41,981.74","54,004.8","568,602.36","577,305.81","0.31","7","124,544","1,536,456.25","-"
"hostname1111.domain.at","10:00 PM 22 July 2026","50,258.44","60,677.31","40,610.47","50,049.33","558,935.26","568,394.06","0.32","6.67","124,544","1,536,422.12","-"
"hostname1111.domain.at","11:00 PM 22 July 2026","43,191.65","47,270.52","33,677.36","38,198.2","548,783.95","554,060.31","0.41","6.98","124,544","1,536,452.12","-"
"hostname1111.domain.at","12:00 AM 23 July 2026","43,261.39","47,483.98","33,825.64","37,540.54","543,230.07","544,696.69","0.36","0.49","124,544","1,536,458.88","-"
"hostname1111.domain.at","1:00 AM 23 July 2026","48,234.08","58,152.38","39,091.72","49,133.87","541,838.19","550,141.06","0.39","13.62","124,544","1,536,450.75","-"
"hostname1111.domain.at","2:00 AM 23 July 2026","43,700.24","56,193.78","34,144.18","45,506.13","525,007.68","535,319.81","7.05","7.05","124,544","1,536,443.12","-"
"hostname1111.domain.at","3:00 AM 23 July 2026","49,135.87","74,406.91","39,725.42","61,413.07","527,097.91","532,510.5","0.35","0.86","124,544","1,536,451.12","-"
"hostname1111.domain.at","4:00 AM 23 July 2026","48,868.53","68,456.38","39,408.14","59,034.4","524,023.14","526,340.25","0.37","7.03","124,544","1,536,450.62","-"
"hostname1111.domain.at","5:00 AM 23 July 2026","56,078.21","70,449.8","47,118.2","62,149.4","528,107.27","534,623.81","0.36","0.52","124,544","1,536,443.38","-"
"hostname1111.domain.at","6:00 AM 23 July 2026","66,962.33","91,690.71","57,476.81","82,328.47","528,302.51","533,158.06","0.23","6.83","124,544","1,536,468.38","-"
"hostname1111.domain.at","7:00 AM 23 July 2026","54,010.81","56,127.78","44,851.13","47,354.54","530,136.73","533,721.25","0.22","0.32","124,544","1,536,447","-"
"hostname1111.domain.at","8:00 AM 23 July 2026","57,356.21","62,736.91","48,344.16","55,225.27","536,771.66","538,153.56","0.25","0.34","124,544","1,536,510.75","-"
"hostname1111.domain.at","9:00 AM 23 July 2026","64,354.04","71,921.38","55,052.34","61,733.87","542,921.87","551,337.81","0.22","0.37","124,544","1,536,508.25","-"
"hostname1111.domain.at","10:00 AM 23 July 2026","66,810.43","79,646.58","57,525.59","71,326.87","542,755.44","546,043.06","0.24","0.56","124,544","1,536,506.62","-"
"hostname1111.domain.at","11:00 AM 23 July 2026","61,592.24","71,533.31","52,097.17","62,355.93","544,457.58","546,338.69","0.24","0.39","124,544","1,536,514.88","-"
"hostname1111.domain.at","12:00 PM 23 July 2026","54,352.32","60,915.65","44,733.94","51,575.2","560,612.39","582,319.88","0.25","0.28","124,544","1,536,510.62","-"
"hostname1111.domain.at","1:00 PM 23 July 2026","62,038.2","72,319.11","52,801.35","64,604.27","585,311.2","590,588.62","0.27","0.42","124,544","1,536,496.25","-"
"hostname1111.domain.at","2:00 PM 23 July 2026","65,654.98","85,655.78","56,296.29","76,637.87","584,601.73","586,187.56","0.25","0.75","124,544","1,536,507.88","-"
"hostname1111.domain.at","3:00 PM 23 July 2026","55,469.54","64,830.91","46,170.12","56,977.54","575,110.04","583,506.88","0.25","6.92","124,544","1,536,509.25","-"
"hostname1111.domain.at","4:00 PM 23 July 2026","67,508.51","77,281.12","58,156.37","68,553.47","574,153.08","575,176.56","0.28","0.44","124,544","1,536,508.25","-"
"hostname1111.domain.at","5:00 PM 23 July 2026","65,401.23","77,477.25","56,131.34","67,948.34","572,908.48","579,669.12","0.3","0.47","124,544","1,536,514.88","-"
"hostname1111.domain.at","6:00 PM 23 July 2026","63,551.43","78,345.52","53,892.55","69,211.6","569,560.83","571,653.81","0.32","0.72","124,544","1,536,499.5","-"
"hostname1111.domain.at","7:00 PM 23 July 2026","50,259.42","65,294.38","40,948.92","56,048.2","566,729.57","569,613.56","0.31","0.43","124,544","1,536,456.38","-"
"hostname1111.domain.at","8:00 PM 23 July 2026","55,034.95","58,121.91","45,661.98","49,188.13","579,389.79","583,648.88","0.24","0.41","124,544","1,536,383.88","-"
"hostname1111.domain.at","9:00 PM 23 July 2026","56,725.76","63,588.38","47,588.97","54,571","587,214.94","591,526.31","0.28","0.37","124,544","1,536,312.5","-"
"hostname1111.domain.at","10:00 PM 23 July 2026","60,652.57","69,026.25","51,626.6","57,691.46","583,423.21","587,492.12","0.3","6.89","124,544","1,536,277.88","-"
"hostname1111.domain.at","11:00 PM 23 July 2026","48,706.65","54,474.45","40,062.74","45,936.27","569,326.06","571,411.81","0.3","0.39","124,544","1,536,299.12","-"
"hostname1111.domain.at","12:00 AM 24 July 2026","43,306.03","51,758.85","33,848.95","42,044.8","553,569.98","570,659","0.34","6.96","124,544","1,536,360.25","-"
"hostname1111.domain.at","1:00 AM 24 July 2026","56,129.97","72,643.52","47,228.82","64,250.2","535,401.38","577,438.88","0.33","6.92","124,544","1,536,356","-"
"hostname1111.domain.at","2:00 AM 24 July 2026","49,623.4","67,327.65","39,689.35","57,701.8","505,738.35","512,189.59","0.38","0.7","124,544","1,536,341.25","-"
"hostname1111.domain.at","3:00 AM 24 July 2026","50,806.18","84,785.65","40,601.27","67,358.8","525,144.92","546,398.56","0.36","1.41","124,544","1,536,323.12","-"
"hostname1111.domain.at","4:00 AM 24 July 2026","51,636.1","74,251.98","42,521.49","67,999.4","520,643.63","524,406.19","0.37","6.92","124,544","1,536,343.12","-"
"hostname1111.domain.at","5:00 AM 24 July 2026","59,648.56","69,337.91","50,285.4","59,933.8","524,049.1","529,794.62","0.31","0.47","124,544","1,536,320.12","-"
"hostname1111.domain.at","6:00 AM 24 July 2026","68,619.59","111,102.65","58,835.44","100,387.53","520,063.54","528,933.88","0.28","13.55","124,544","1,536,340.12","-"
"hostname1111.domain.at","7:00 AM 24 July 2026","53,381.24","59,924.05","43,981.07","50,205.93","519,644.02","523,422.19","0.28","0.49","124,544","1,536,331.75","-"
"hostname1111.domain.at","8:00 AM 24 July 2026","56,157.72","60,356.91","46,634.59","51,292.54","525,596.86","527,307.12","0.28","0.48","124,544","1,536,377.88","-"
"hostname1111.domain.at","9:00 AM 24 July 2026","62,658.51","76,043.65","52,978.93","65,717.93","530,239.48","535,917.25","0.27","0.52","124,544","1,536,389.38","-"
"hostname1111.domain.at","10:00 AM 24 July 2026","66,086.65","82,981.84","56,084.36","72,721.07","530,662.29","531,409.12","0.25","0.83","124,544","1,536,355.5","-"
"hostname1111.domain.at","11:00 AM 24 July 2026","63,270.52","72,273.38","53,342.54","61,672","532,157.74","534,767.12","0.31","0.47","124,544","1,536,341.38","-"
"hostname1111.domain.at","12:00 PM 24 July 2026","53,636.08","69,792.05","44,104.9","60,583.8","529,394.12","533,219.5","0.31","0.54","124,544","1,536,358.5","-"
"hostname1111.domain.at","1:00 PM 24 July 2026","60,489.63","69,706.38","51,149.7","61,742.13","538,673.08","542,549.06","0.32","0.47","124,544","1,536,259.75","-"
"hostname1111.domain.at","2:00 PM 24 July 2026","63,710.73","80,957.58","54,118.93","74,518.34","539,402.62","541,068.94","0.28","0.81","124,544","1,536,275","-"
"hostname1111.domain.at","3:00 PM 24 July 2026","53,648.46","63,529.31","44,105.49","55,662.6","537,443.41","538,469.25","0.29","0.55","124,544","1,536,280.88","-"
"hostname1111.domain.at","4:00 PM 24 July 2026","67,447.6","75,550.45","58,395.7","68,885.6","537,069.43","538,442.94","0.32","0.59","124,544","1,536,271.88","-"
"hostname1111.domain.at","5:00 PM 24 July 2026","63,705.33","75,784.78","53,995.84","66,419.73","535,679.12","540,907.5","0.34","0.69","124,544","1,536,263.12","-"
"hostname1111.domain.at","6:00 PM 24 July 2026","63,051.45","70,313.12","53,265.35","61,700.46","534,073.93","536,720.44","0.33","0.89","124,544","1,536,271.12","-"
"hostname1111.domain.at","7:00 PM 24 July 2026","50,396.23","56,880.61","40,856.16","46,662.07","539,185.78","544,634.31","0.32","0.53","124,544","1,536,250.25","-"
"hostname1111.domain.at","8:00 PM 24 July 2026","50,848.76","56,888.52","41,438.06","47,420.8","542,063.42","544,203.25","0.29","6.96","124,544","1,536,208.38","-"
"hostname1111.domain.at","9:00 PM 24 July 2026","57,465.72","64,363.78","48,214.05","56,153.33","545,440.62","550,745","0.29","0.44","124,544","1,536,242.75","-"
"hostname1111.domain.at","10:00 PM 24 July 2026","71,824.64","85,216.52","61,879.96","74,634.66","540,942.55","545,313.06","0.28","6.91","124,544","1,536,231.88","-"
"hostname1111.domain.at","11:00 PM 24 July 2026","57,272.39","62,359.11","48,132.27","52,707","523,777.96","524,902","0.26","0.48","124,544","1,536,234.5","-"
"hostname1111.domain.at","12:00 AM 25 July 2026","56,864.26","61,992.85","47,368.3","52,317.93","524,860.56","525,902.38","0.3","0.46","124,544","1,536,231.75","-"
"hostname1111.domain.at","1:00 AM 25 July 2026","61,781.15","68,312.78","52,057.89","58,945.93","524,516.61","526,075.62","6.76","6.76","124,544","1,536,273.25","-"
"hostname1111.domain.at","2:00 AM 25 July 2026","55,567.86","73,107.38","45,681.62","60,512.4","519,518.78","520,400.28","0.36","0.97","124,544","1,536,285.5","-"
"hostname1111.domain.at","3:00 AM 25 July 2026","48,867.67","70,161.05","38,927.64","56,762.33","521,605.35","522,098.28","0.38","1.06","124,544","1,536,301.75","-"
"hostname1111.domain.at","4:00 AM 25 July 2026","48,608.75","51,940.18","39,200.34","43,166.8","520,772.63","521,539.47","0.35","0.51","124,544","1,536,291.12","-"
"hostname1111.domain.at","5:00 AM 25 July 2026","55,565.16","63,012.85","46,265.84","55,152.33","523,888.57","528,760.81","0.35","0.5","124,544","1,536,301.88","-"
"hostname1111.domain.at","6:00 AM 25 July 2026","68,347.27","91,740.85","58,658.51","81,905.6","522,367.28","527,897.06","0.3","0.86","124,544","1,536,281.5","-"
"hostname1111.domain.at","7:00 AM 25 July 2026","51,554.1","59,034.52","42,152.73","49,339","525,564.46","530,892.38","0.34","13.63","124,544","1,536,295","-"
"hostname1111.domain.at","8:00 AM 25 July 2026","51,218.57","56,680.98","41,697.4","47,893.73","523,546.72","524,673.25","0.37","0.56","124,544","1,536,343.25","-"
"hostname1111.domain.at","9:00 AM 25 July 2026","55,060.88","62,626.31","45,649.38","54,350.93","525,927.64","533,153.81","0.35","7","124,544","1,536,334","-"
"hostname1111.domain.at","10:00 AM 25 July 2026","53,397.16","61,146.85","43,548.61","50,795.93","522,998.79","526,028.75","0.42","0.98","124,544","1,536,338.38","-"
"hostname1111.domain.at","11:00 AM 25 July 2026","46,203.29","51,352.05","36,514.42","41,632","524,048.83","525,634.5","0.4","0.56","124,544","1,536,347.88","-"
"hostname1111.domain.at","12:00 PM 25 July 2026","49,689.56","57,028.85","40,189.8","48,962.87","530,220.86","536,004.62","0.38","7.5","124,544","1,536,342","-"
"hostname1111.domain.at","1:00 PM 25 July 2026","48,842.99","56,126.85","39,103.52","45,512.8","531,495.7","534,719.56","0.38","0.55","124,544","1,536,355.88","-"
"hostname1111.domain.at","2:00 PM 25 July 2026","49,876.58","56,908.71","39,927.73","44,145.2","531,946.81","533,742.25","0.36","1","124,544","1,536,357.88","-"
"hostname1111.domain.at","3:00 PM 25 July 2026","48,692.75","52,234.25","38,906.56","42,804.33","536,852.88","547,386.88","0.3","0.42","124,544","1,536,344","-"
"hostname1111.domain.at","4:00 PM 25 July 2026","50,509.18","56,904.52","40,843.01","46,268.13","535,282.81","541,972.44","0.32","7.04","124,544","1,536,315.5","-"
"hostname1111.domain.at","5:00 PM 25 July 2026","50,247.98","54,470.71","40,569.6","44,708.4","533,925.2","541,339.25","0.31","0.57","124,084.8","1,536,314","-"
"hostname1111.domain.at","6:00 PM 25 July 2026","52,206.53","55,786.16","42,161.55","46,208.33","542,131.51","545,463.44","6.95","6.95","124,084.8","1,536,289.38","-"
"hostname1111.domain.at","7:00 PM 25 July 2026","56,838.64","66,145.45","47,332.77","56,488.27","535,155.26","543,625.19","0.27","7.24","124,544","1,536,246.75","-"
"hostname1111.domain.at","8:00 PM 25 July 2026","62,898.16","67,519.38","53,518.76","58,737.6","546,771.96","555,175.62","0.25","6.9","124,544","1,536,237.75","-"
"hostname1111.domain.at","9:00 PM 25 July 2026","52,385.24","59,960.18","42,538.96","48,581.8","542,937.65","544,175.81","0.28","0.46","124,544","1,536,233.62","-"
"hostname1111.domain.at","10:00 PM 25 July 2026","67,747.36","77,625.65","58,260.11","67,957.87","542,645.68","544,481.75","0.27","6.93","124,544","1,536,215.75","-"
"hostname1111.domain.at","11:00 PM 25 July 2026","60,835.87","65,861.45","51,198.69","56,872.93","541,523.57","542,299.94","0.27","0.49","124,544","1,536,239.5","-"
"hostname1111.domain.at","12:00 AM 26 July 2026","57,528.38","63,446.85","48,082.06","53,177.87","540,918.28","541,720.12","0.29","0.49","124,544","1,536,235.38","-"
"hostname1111.domain.at","1:00 AM 26 July 2026","64,561.08","72,734.25","54,962.03","64,790.13","542,015.41","543,189","0.29","0.53","124,544","1,536,227.12","-"
"hostname1111.domain.at","2:00 AM 26 July 2026","68,575.61","85,451.18","58,559.09","75,574.87","562,307.41","566,502","0.3","1.06","124,544","1,536,222.25","-"
"hostname1111.domain.at","3:00 AM 26 July 2026","53,818.11","70,407.78","43,994.07","56,372.87","571,046.14","575,159.44","0.28","1.05","124,544","1,536,214.88","-"
"hostname1111.domain.at","4:00 AM 26 July 2026","61,670.96","66,189.65","52,346.42","57,689.73","611,821.38","616,076.19","0.25","6.89","124,544","1,536,222.12","-"
"hostname1111.domain.at","5:00 AM 26 July 2026","59,252.32","68,347.05","50,815.07","57,950.2","613,548.3","614,295.12","0.23","0.58","124,544","1,536,212.5","-"
"hostname1111.domain.at","6:00 AM 26 July 2026","61,306.25","92,386.18","51,744.81","82,908.53","609,411.53","617,045.44","0.28","6.82","124,544","1,536,222.12","-"
"hostname1111.domain.at","7:00 AM 26 July 2026","53,702.05","57,738.38","44,200.67","46,673.27","606,878","607,797.62","0.29","0.52","124,544","1,536,222.25","-"
"hostname1111.domain.at","8:00 AM 26 July 2026","54,304.69","60,167.18","44,614.68","51,448.46","607,193.74","608,134.5","0.31","0.53","124,544","1,536,227.5","-"
"hostname1111.domain.at","9:00 AM 26 July 2026","52,648.76","57,481.85","43,072.82","48,571.93","607,445.4","608,268.94","0.32","6.94","124,544","1,536,238.62","-"
"hostname1111.domain.at","10:00 AM 26 July 2026","51,737.07","55,731.18","41,963.37","47,090.13","605,597.41","607,015.38","0.32","0.9","124,544","1,536,241.62","-"
"hostname1111.domain.at","11:00 AM 26 July 2026","51,852.46","56,574.85","42,324.69","46,964.46","606,491.93","607,908.38","0.33","0.52","124,544","1,536,253.5","-"
"hostname1111.domain.at","12:00 PM 26 July 2026","51,934.3","56,351.11","42,344.62","46,566.07","607,792.71","609,512.19","0.32","0.55","124,544","1,536,245.88","-"
"hostname1111.domain.at","1:00 PM 26 July 2026","49,246.55","54,787.45","39,629.37","45,396.4","607,581.37","609,461.31","0.34","0.61","124,544","1,536,275.75","-"
"hostname1111.domain.at","2:00 PM 26 July 2026","49,676.88","59,386.31","39,836.17","46,009","607,005.99","607,941.81","0.36","0.99","124,544","1,536,251.25","-"
"hostname1111.domain.at","3:00 PM 26 July 2026","49,556.5","54,341.71","39,898.87","45,016.93","607,737.59","610,079.5","0.34","0.53","124,544","1,536,248.62","-"
"hostname1111.domain.at","4:00 PM 26 July 2026","68,180.73","82,934.91","58,582.04","74,858.66","546,064.43","623,413.62","0.28","6.9","124,544","1,536,270.88","-"
"hostname1111.domain.at","5:00 PM 26 July 2026","54,251.22","60,932.11","44,630.59","51,199.93","534,720.81","536,545.75","0.3","0.51","124,544","1,536,287","-"
"hostname1111.domain.at","6:00 PM 26 July 2026","54,648.86","63,095.58","45,115.67","52,788","517,848.99","536,829.75","0.32","0.74","124,544","1,536,298.62","-"
"hostname1111.domain.at","7:00 PM 26 July 2026","51,866.88","57,304.85","42,089.44","47,654.73","537,465.63","538,112.5","0.34","0.53","124,544","1,536,257.62","-"
"hostname1111.domain.at","8:00 PM 26 July 2026","53,219.9","60,146.25","43,828.26","48,497.13","550,520.21","570,198.31","0.3","0.52","124,544","1,536,262.25","-"
"hostname1111.domain.at","9:00 PM 26 July 2026","51,976.57","57,160.65","42,408.15","46,500.6","564,070.04","564,836.88","0.35","0.5","124,544","1,536,283.75","-"
"hostname1111.domain.at","10:00 PM 26 July 2026","66,478.66","75,457.25","56,706.56","64,306.93","562,563.31","564,323.5","0.3","0.84","124,544","1,536,278.88","-"
"hostname1111.domain.at","11:00 PM 26 July 2026","61,282.41","65,464.18","52,456.95","58,645.67","562,711.56","563,862.19","0.28","0.49","124,544","1,536,277.12","-"
"hostname1111.domain.at","12:00 AM 27 July 2026","58,487.29","68,502.05","48,976.35","58,480.07","563,734.36","564,771.44","0.28","0.51","124,544","1,536,288.12","-"
"hostname1111.domain.at","1:00 AM 27 July 2026","57,615.79","74,316.45","48,135.48","63,779.54","564,616.86","566,519.31","0.28","0.48","124,544","1,536,313.62","-"
"hostname1111.domain.at","2:00 AM 27 July 2026","54,972.29","69,482.91","45,175.36","60,940.27","562,518.26","564,397.94","0.35","0.79","124,544","1,536,314.5","-"
"hostname1111.domain.at","3:00 AM 27 July 2026","55,417.77","70,365.25","45,486.18","56,970.73","564,307.21","567,195.62","0.32","6.93","124,544","1,536,310.62","-"
"hostname1111.domain.at","4:00 AM 27 July 2026","57,782.81","76,876.05","48,419.9","68,154.66","562,929.36","565,810.75","0.31","0.47","124,544","1,536,324.62","-"
"hostname1111.domain.at","5:00 AM 27 July 2026","57,491.98","73,426.31","47,887.6","65,221.87","568,628.33","569,359.06","0.32","0.59","124,544","1,536,326.38","-"
"hostname1111.domain.at","6:00 AM 27 July 2026","70,935.89","99,476.45","61,100.73","88,004.4","571,208.34","575,327.5","0.23","1","124,544","1,536,320","-"
"hostname1111.domain.at","7:00 AM 27 July 2026","66,187.78","74,510.45","56,514.88","65,236.87","575,827.1","579,414.94","0.21","0.54","124,544","1,536,320.88","-"
"hostname1111.domain.at","8:00 AM 27 July 2026","73,560.8","79,358.52","63,909.29","70,498.34","583,726.05","586,001.19","0.23","0.58","124,544","1,536,307.88","-"
"hostname1111.domain.at","9:00 AM 27 July 2026","69,127.17","76,577.38","59,478.52","66,060.66","586,433.03","588,316.75","0.23","0.45","124,544","1,536,292.62","-"
"hostname1111.domain.at","10:00 AM 27 July 2026","69,924.85","83,625.65","60,434.37","74,560.4","585,841.11","587,391.25","0.22","0.77","124,544","1,536,075.62","-"
"hostname1111.domain.at","11:00 AM 27 July 2026","68,057.21","77,382.71","59,067.59","75,751.47","573,898.72","587,753.62","0.2","6.91","124,544","1,536,357.25","-"
"hostname1111.domain.at","12:00 PM 27 July 2026","58,352.69","69,918.65","49,088.44","60,132.6","573,064.92","574,031.38","0.24","0.4","124,544","1,536,363.62","-"
"hostname1111.domain.at","1:00 PM 27 July 2026","59,554.98","66,757.85","49,978.16","57,061.4","575,815.46","576,726.19","0.27","0.49","124,544","1,536,353.38","-"
"hostname1111.domain.at","2:00 PM 27 July 2026","66,763.99","83,890.98","57,364.69","77,360.53","578,162.97","580,067.19","0.23","0.83","124,544","1,536,360.5","-"
"hostname1111.domain.at","3:00 PM 27 July 2026","58,986.01","69,688.52","49,602.97","59,286.8","576,396.07","577,430.88","0.3","0.43","124,544","1,536,364","-"
"hostname1111.domain.at","4:00 PM 27 July 2026","67,702.52","81,860.84","58,843.66","74,403.07","573,455.99","576,983.5","0.28","0.51","124,544","1,536,379","-"
"hostname1111.domain.at","5:00 PM 27 July 2026","56,786.24","71,877.18","47,194.22","61,252.2","569,509.96","570,029.44","0.31","0.39","124,544","1,536,376","-"
"hostname1111.domain.at","6:00 PM 27 July 2026","54,895.89","63,174.18","45,338.62","54,351.07","571,900.44","574,034.62","0.28","0.9","124,544","1,536,359.62","-"
"hostname1111.domain.at","7:00 PM 27 July 2026","50,422.93","55,846.52","40,878.15","45,583.46","582,791.34","590,397.75","0.28","0.54","124,544","1,536,336.62","-"
"hostname1111.domain.at","8:00 PM 27 July 2026","53,489.01","62,406.78","44,297.72","53,422.73","586,896.83","590,679.94","6.91","13.58","124,544","1,536,296.38","-"
"hostname1111.domain.at","9:00 PM 27 July 2026","51,462.08","59,128.25","41,832.31","49,319.46","584,095.97","590,254.56","0.32","0.45","124,544","1,536,319.12","-"
"hostname1111.domain.at","10:00 PM 27 July 2026","65,614.95","73,023.05","55,523.31","62,691.87","591,066.87","592,258.88","0.26","1.01","124,544","1,536,311.12","-"
"hostname1111.domain.at","11:00 PM 27 July 2026","60,948.52","65,803.65","51,490.08","56,965.54","591,252.9","592,214.69","0.27","0.52","124,544","1,536,301.5","-"
"hostname1112.domain.at","12:00 AM 21 July 2026","62,720.35","70,648.78","52,337.2","62,361.4","517,558.89","522,282.25","0.34","0.7","124,544","1,536,191.25","notInMaintenance"
"hostname1112.domain.at","1:00 AM 21 July 2026","53,984.38","71,399.72","43,788.51","55,156.07","508,261.61","514,013.5","0.38","1.94","124,544","1,536,202.12","-"
"hostname1112.domain.at","2:00 AM 21 July 2026","63,014.59","70,261.91","52,562.5","59,719.46","492,775.64","501,803.62","0.36","0.83","124,544","1,536,134.88","-"
"hostname1112.domain.at","3:00 AM 21 July 2026","59,980.73","79,547.78","49,443.95","62,742.27","477,456.84","495,585.06","0.34","1.21","124,544","1,536,105.38","-"
"hostname1112.domain.at","4:00 AM 21 July 2026","48,995.49","55,710.38","39,068.55","45,926.07","474,058.44","483,676.41","0.34","0.53","124,544","1,536,160.12","-"
"hostname1112.domain.at","5:00 AM 21 July 2026","49,202.33","52,769.38","39,098.98","42,122.2","472,056.77","482,227.84","0.36","0.65","124,544","1,536,205.88","-"
"hostname1112.domain.at","6:00 AM 21 July 2026","70,542.6","106,097.65","59,243.59","93,831.8","485,856.06","494,686.5","0.34","3.97","124,544","1,536,172.12","-"
"hostname1112.domain.at","7:00 AM 21 July 2026","59,817.91","68,328.98","49,239.91","57,367.8","471,117.8","483,723.38","0.35","0.7","124,544","1,536,143.5","-"
"hostname1112.domain.at","8:00 AM 21 July 2026","65,660.73","81,061.78","54,521.07","69,406.8","482,919.12","490,490.44","0.41","0.86","124,544","1,536,087.5","-"
"hostname1112.domain.at","9:00 AM 21 July 2026","69,218.68","74,243.12","57,611.77","62,836.8","497,231.96","503,635.66","0.44","0.8","124,544","1,536,091.62","-"
"hostname1112.domain.at","10:00 AM 21 July 2026","70,967.23","77,599.59","58,947.86","65,702.13","501,971.95","509,884.28","0.44","1.34","124,544","1,536,063.38","-"
"hostname1112.domain.at","11:00 AM 21 July 2026","66,978","73,832.59","55,890.41","61,986.73","500,657.41","509,744.25","0.43","0.85","124,544","1,536,068.5","-"
"hostname1112.domain.at","12:00 PM 21 July 2026","66,827.67","85,449.72","55,335.28","70,082.87","499,393.34","502,933.72","0.4","3.25","124,544","1,536,055","-"
"hostname1112.domain.at","1:00 PM 21 July 2026","66,668.62","73,275.98","55,248.63","61,602","504,288.05","506,401.84","0.37","0.77","124,544","1,536,083","-"
"hostname1112.domain.at","2:00 PM 21 July 2026","69,547.93","81,220.05","57,695.93","69,321.6","495,272.47","505,509.5","0.48","1.22","124,544","1,536,081.12","-"
"hostname1112.domain.at","3:00 PM 21 July 2026","69,949.97","93,360.45","58,286.12","79,164.87","490,319.75","504,125.97","0.34","0.87","124,544","1,536,052.38","-"
"hostname1112.domain.at","4:00 PM 21 July 2026","66,427.72","74,618.52","55,193.96","62,727.2","492,466.09","504,157.91","0.4","0.92","124,544","1,536,068","-"
"hostname1112.domain.at","5:00 PM 21 July 2026","59,913.33","83,447.78","48,927.55","70,875.66","490,715.2","499,086.09","0.4","0.74","124,544","1,536,068.12","-"
"hostname1112.domain.at","6:00 PM 21 July 2026","67,204.73","89,699.38","56,050.97","73,235.2","494,016.68","500,846.38","0.51","1.32","124,544","1,536,042.12","-"
"hostname1112.domain.at","7:00 PM 21 July 2026","62,634.5","92,645.85","51,795.21","79,771.13","484,983.11","495,519.31","0.38","6.63","124,544","1,536,025.12","-"
"hostname1112.domain.at","8:00 PM 21 July 2026","56,077.76","61,437.92","45,674.16","50,689.33","489,509.5","501,482.5","0.35","0.59","124,544","1,536,031.38","-"
"hostname1112.domain.at","9:00 PM 21 July 2026","58,736.31","65,505.65","48,271.76","55,764.8","496,685.74","503,285.69","0.41","0.71","124,544","1,536,043.5","-"
"hostname1112.domain.at","10:00 PM 21 July 2026","66,795.21","75,030.52","55,470.51","63,345.87","503,919.9","514,928.53","0.38","1.06","124,544","1,536,077","-"
"hostname1112.domain.at","11:00 PM 21 July 2026","69,262.07","80,334.59","58,386.19","68,719.2","506,882.39","523,979.88","0.42","0.7","124,544","1,536,097.62","-"
"hostname1112.domain.at","12:00 AM 22 July 2026","67,617.48","80,860.65","56,510.24","68,373.2","506,428.78","510,352.19","0.4","0.75","124,544","1,536,105.38","-"
"hostname1112.domain.at","1:00 AM 22 July 2026","57,440.2","77,682.91","47,103.63","63,599.67","496,491.64","508,221.34","0.75","1.76","124,544","1,536,135.12","-"
"hostname1112.domain.at","2:00 AM 22 July 2026","56,579.22","62,386.65","46,070.7","52,964.27","497,295.74","499,938.81","0.38","0.43","124,544","1,536,117.25","-"
"hostname1112.domain.at","3:00 AM 22 July 2026","62,703.23","75,805.12","51,978.86","60,635.27","483,273","492,933.47","0.38","1.04","124,544","1,536,132.75","-"
"hostname1112.domain.at","4:00 AM 22 July 2026","55,740.72","62,476.05","45,602.12","52,045.46","491,173.92","491,674.78","0.34","0.6","124,544","1,536,141.75","-"
"hostname1112.domain.at","5:00 AM 22 July 2026","51,351.32","57,323.18","41,112.81","47,353.93","483,987.85","494,099.56","0.35","0.64","124,544","1,536,097.5","-"
"hostname1112.domain.at","6:00 AM 22 July 2026","70,425.4","108,259.91","59,851.79","94,981.47","479,776.78","500,373.44","0.36","7","124,544","1,536,134.38","-"
"hostname1112.domain.at","7:00 AM 22 July 2026","66,991.08","79,583.05","56,035.94","67,251.27","475,878.95","482,045.66","0.43","0.78","124,544","1,536,127.75","-"
"hostname1112.domain.at","8:00 AM 22 July 2026","70,151.19","74,605.59","58,784.68","62,514.67","481,795.91","484,656.88","0.43","0.83","124,544","1,536,139.75","-"
"hostname1112.domain.at","9:00 AM 22 July 2026","71,879.04","82,506.85","60,119.88","70,886.27","486,972.48","488,411.31","0.47","0.84","124,544","1,536,147.88","-"
"hostname1112.domain.at","10:00 AM 22 July 2026","75,016.64","80,269.05","63,191.44","69,415.87","487,198.5","493,452.66","0.43","7.06","124,544","1,536,130.62","-"
"hostname1112.domain.at","11:00 AM 22 July 2026","71,582.07","81,934.31","60,099.38","70,297.8","470,733.84","472,965.31","0.46","0.7","124,544","1,536,145.5","-"
"hostname1112.domain.at","12:00 PM 22 July 2026","70,038.98","75,498.52","58,790.66","64,519.07","469,286.88","469,861.75","0.5","0.8","124,544","1,536,134.62","-"
"hostname1112.domain.at","1:00 PM 22 July 2026","73,291.76","76,353.25","61,735.76","67,243.07","464,718.51","472,540.72","7.12","7.12","124,544","1,536,090.75","-"
"hostname1112.domain.at","2:00 PM 22 July 2026","71,639.53","81,068.85","60,212.02","70,717.27","426,562.88","445,720.47","0.43","7.26","124,544","1,536,100.12","-"
"hostname1112.domain.at","3:00 PM 22 July 2026","66,970.34","72,877.78","56,167.44","61,085.2","420,800.6","421,889.59","0.41","0.68","124,544","1,536,092.12","-"
"hostname1112.domain.at","4:00 PM 22 July 2026","64,258.59","70,675.12","53,509.17","59,933.2","427,236.41","431,324.03","0.35","0.61","124,544","1,536,113.38","-"
"hostname1112.domain.at","5:00 PM 22 July 2026","64,071.4","74,489.72","53,542.19","63,477.2","455,313.39","464,930.38","0.34","0.61","124,544","1,536,139.75","-"
"hostname1112.domain.at","6:00 PM 22 July 2026","65,115.74","75,923.45","54,553.14","63,405.8","454,118.82","455,141.53","0.33","0.9","124,544","1,536,048.75","-"
"hostname1112.domain.at","7:00 PM 22 July 2026","65,942.44","69,825.12","55,564.83","59,914.46","470,038.63","475,018.12","0.4","0.67","124,544","1,535,966.25","-"
"hostname1112.domain.at","8:00 PM 22 July 2026","62,619.25","69,004.91","52,070.1","56,931.54","471,312.48","471,883.75","0.34","0.76","124,544","1,535,941.25","-"
"hostname1112.domain.at","9:00 PM 22 July 2026","62,343.13","83,117.25","51,862.68","71,015.93","470,551.2","471,452.78","0.35","0.61","124,544","1,535,912.5","-"
"hostname1112.domain.at","10:00 PM 22 July 2026","68,258.68","75,770.72","57,230.36","66,698","479,981.9","487,090.59","0.37","0.58","124,544","1,536,011.38","-"
"hostname1112.domain.at","11:00 PM 22 July 2026","66,162.99","80,713.05","55,489.44","69,848.87","475,365.62","496,745.94","0.32","0.71","124,544","1,536,043.88","-"
"hostname1112.domain.at","12:00 AM 23 July 2026","68,977.38","77,970.25","57,991.32","66,977.93","470,016.58","485,799.56","0.4","0.62","124,544","1,536,035.5","-"
"hostname1112.domain.at","1:00 AM 23 July 2026","62,031.89","81,273.25","51,473.24","68,105.8","467,382.1","478,521.25","0.37","0.67","124,544","1,536,027.88","-"
"hostname1112.domain.at","2:00 AM 23 July 2026","53,108.91","58,587.85","43,106.09","49,489.27","457,243.92","464,467.59","0.39","3.52","124,544","1,536,037.5","-"
"hostname1112.domain.at","3:00 AM 23 July 2026","58,771.33","92,520.65","47,628.34","73,862.13","460,490.47","462,826.88","0.42","1.36","124,544","1,536,034.75","-"
"hostname1112.domain.at","4:00 AM 23 July 2026","55,253.63","58,694.92","44,923.89","48,899.2","451,769.93","461,180.09","0.4","0.52","124,544","1,536,037.88","-"
"hostname1112.domain.at","5:00 AM 23 July 2026","54,761.82","59,811.45","44,467.5","49,526.6","462,903.99","464,764.5","0.36","0.66","124,544","1,536,041.75","-"
"hostname1112.domain.at","6:00 AM 23 July 2026","74,443.87","117,394.12","63,107.4","103,025.07","453,489.24","473,528.53","0.4","10.15","124,544","1,536,057.25","-"
"hostname1112.domain.at","7:00 AM 23 July 2026","66,631.96","77,208.72","55,935.67","67,245.93","437,736.06","442,761.91","0.39","0.7","124,544","1,536,044.88","-"
"hostname1112.domain.at","8:00 AM 23 July 2026","67,407.4","72,036.45","56,685.4","61,681.67","444,374.33","445,776.53","0.38","0.72","124,544","1,536,061.12","-"
"hostname1112.domain.at","9:00 AM 23 July 2026","67,950.65","72,022.66","57,220.71","60,792.13","452,074.14","458,271.16","0.39","0.67","124,544","1,536,045.62","-"
"hostname1112.domain.at","10:00 AM 23 July 2026","72,388.33","83,856.25","60,892.53","71,962.4","453,536.45","462,896.62","5.17","5.17","124,084.8","1,536,047.5","-"
"hostname1112.domain.at","11:00 AM 23 July 2026","69,777.42","73,988.25","58,816.35","62,163.8","437,954.03","440,178.5","0.79","0.82","124,544","1,536,056.5","-"
"hostname1112.domain.at","12:00 PM 23 July 2026","71,886.87","79,886.82","60,912.15","69,058.73","438,843.95","439,981.81","0.45","0.49","124,544","1,536,056.62","-"
"hostname1112.domain.at","1:00 PM 23 July 2026","71,056.88","73,966.52","60,302.58","63,181.07","442,895.36","446,173.62","0.38","0.84","124,544","1,536,035.62","-"
"hostname1112.domain.at","2:00 PM 23 July 2026","70,048.78","86,351.65","58,709.2","70,036.4","442,201.31","443,213.31","0.42","1.17","124,544","1,536,047.75","-"
"hostname1112.domain.at","3:00 PM 23 July 2026","71,529.12","74,882.12","60,811.9","64,897.54","441,493.84","442,611.62","0.3","0.74","124,544","1,536,041.75","-"
"hostname1112.domain.at","4:00 PM 23 July 2026","67,965.47","80,689.85","57,081.41","69,730.73","440,288.58","441,595.84","0.39","0.82","124,544","1,536,038.62","-"
"hostname1112.domain.at","5:00 PM 23 July 2026","59,958.38","66,398.45","49,543.99","55,932.4","437,084.63","450,081.25","0.38","0.85","124,544","1,536,051.38","-"
"hostname1112.domain.at","6:00 PM 23 July 2026","61,665.81","73,721.91","51,222.55","62,458.8","446,469.44","468,538.5","0.41","0.97","124,544","1,536,055.75","-"
"hostname1112.domain.at","7:00 PM 23 July 2026","62,747.68","67,155.12","52,412.31","56,462","478,753.17","491,101.38","0.35","0.71","124,544","1,536,076.88","-"
"hostname1112.domain.at","8:00 PM 23 July 2026","59,251.47","66,389.91","48,805.88","54,326.13","477,476.23","478,393.53","0.4","0.66","124,544","1,536,087.38","-"
"hostname1112.domain.at","9:00 PM 23 July 2026","62,091.5","73,632.38","51,490.47","61,756.46","484,452.97","487,219.41","0.46","0.68","124,544","1,536,076.12","-"
"hostname1112.domain.at","10:00 PM 23 July 2026","60,792.18","65,684.05","50,211.74","55,174.73","486,443.8","487,725.69","0.35","1.13","124,544","1,536,060.62","-"
"hostname1112.domain.at","11:00 PM 23 July 2026","60,184.14","65,185.05","49,924.02","54,257.13","487,851.08","489,537.53","0.42","0.66","124,544","1,536,052.75","-"
"hostname1112.domain.at","12:00 AM 24 July 2026","69,592.96","75,891.72","58,997.83","64,140.13","486,129.42","490,575.84","0.35","0.77","124,544","1,536,055.75","-"
"hostname1112.domain.at","1:00 AM 24 July 2026","64,657.89","84,209.25","54,281.46","71,042.6","480,690.65","490,526.41","0.37","4.87","124,544","1,536,086.38","-"
"hostname1112.domain.at","2:00 AM 24 July 2026","57,958.3","67,408.65","47,522.98","55,294.46","474,296.63","476,425.88","0.34","0.91","124,544","1,536,146.5","-"
"hostname1112.domain.at","3:00 AM 24 July 2026","58,894.2","85,120.25","47,763.43","64,916.93","466,169.21","477,587.38","0.37","1.55","124,544","1,536,155.25","-"
"hostname1112.domain.at","4:00 AM 24 July 2026","54,048.06","59,784.98","44,037.36","47,983.07","460,375.56","462,677.22","0.33","0.44","124,544","1,536,132.25","-"
"hostname1112.domain.at","5:00 AM 24 July 2026","52,125.67","61,671.71","41,936.78","50,613.93","465,795.32","466,537.75","0.33","0.63","124,544","1,536,122.25","-"
"hostname1112.domain.at","6:00 AM 24 July 2026","71,110.07","113,073.05","60,395.09","98,388.2","463,294.59","475,136.53","0.35","2.88","124,544","1,536,138.12","-"
"hostname1112.domain.at","7:00 AM 24 July 2026","60,617.59","66,739.12","50,234.12","55,807.6","458,425.4","463,714.22","0.35","0.73","124,544","1,536,111","-"
"hostname1112.domain.at","8:00 AM 24 July 2026","59,832.99","62,699.45","49,785.67","51,669.73","462,492.11","463,722.53","0.31","0.62","124,544","1,536,091.62","-"
"hostname1112.domain.at","9:00 AM 24 July 2026","61,347.69","62,719.52","50,973.7","52,997.46","465,767.32","467,528.78","0.31","0.7","124,544","1,536,111.5","-"
"hostname1112.domain.at","10:00 AM 24 July 2026","61,292.12","67,304.72","50,812.87","55,073.2","469,194.64","471,681.53","0.29","1.07","124,544","1,536,113.12","-"
"hostname1112.domain.at","11:00 AM 24 July 2026","60,739.95","64,147.52","50,474.86","52,773.87","481,303.06","492,165.41","0.3","0.71","124,544","1,536,119.88","-"
"hostname1112.domain.at","12:00 PM 24 July 2026","65,224.12","70,184.05","54,464.75","57,022.54","480,983.59","481,884.75","0.36","0.9","124,544","1,536,121","-"
"hostname1112.domain.at","1:00 PM 24 July 2026","63,277.78","70,335.52","52,703.95","57,716.67","482,138.99","484,669.34","0.36","0.79","124,544","1,536,149.25","-"
"hostname1112.domain.at","2:00 PM 24 July 2026","59,524.28","69,619.91","48,957.94","52,980.07","479,466.36","482,795.53","0.31","1.05","124,544","1,536,139.62","-"
"hostname1112.domain.at","3:00 PM 24 July 2026","60,014.58","64,932.12","49,682.98","54,889.33","481,319.78","483,687.44","0.3","0.65","124,544","1,536,141","-"
"hostname1112.domain.at","4:00 PM 24 July 2026","61,369.92","67,332.32","50,788.78","55,821.33","481,229.77","482,697.47","0.4","0.72","124,544","1,536,143.38","-"
"hostname1112.domain.at","5:00 PM 24 July 2026","54,041.24","66,850.52","43,527.66","56,342","477,214.57","479,438.78","0.36","0.74","124,544","1,536,129.38","-"
"hostname1112.domain.at","6:00 PM 24 July 2026","53,481","57,392.92","43,152.94","46,522.2","477,924.81","486,844.47","0.36","0.96","124,084.8","1,536,072.88","-"
"hostname1112.domain.at","7:00 PM 24 July 2026","56,181.03","59,019.25","45,874.41","49,105.54","510,434.09","522,939.19","0.32","0.43","124,544","1,536,073.38","-"
"hostname1112.domain.at","8:00 PM 24 July 2026","54,924.46","59,029.32","44,798.94","47,800","507,969.95","508,834.19","0.33","0.64","124,544","1,536,080.5","-"
"hostname1112.domain.at","9:00 PM 24 July 2026","61,778.68","68,529.45","51,271","57,456.54","506,301.68","509,741.47","0.38","7.02","124,544","1,536,118.25","-"
"hostname1112.domain.at","10:00 PM 24 July 2026","64,148.87","69,488.12","53,608.83","57,670.2","499,151.46","500,541.12","0.3","1.1","124,544","1,536,068.62","-"
"hostname1112.domain.at","11:00 PM 24 July 2026","62,288.73","68,955.85","52,084.3","57,578.8","497,310.76","499,772.81","0.3","6.96","124,544","1,536,097.12","-"
"hostname1112.domain.at","12:00 AM 25 July 2026","56,060.12","64,184.18","45,792.16","54,613.67","488,828.6","491,447.62","0.36","0.58","124,544","1,536,125.88","-"
"hostname1112.domain.at","1:00 AM 25 July 2026","51,232.33","65,872.65","40,930.06","53,817.87","490,059.52","491,130.5","0.35","0.78","124,544","1,536,097.5","-"
"hostname1112.domain.at","2:00 AM 25 July 2026","51,877.21","57,608.12","41,548.57","43,992.46","486,709.97","491,343.81","0.35","7.02","124,544","1,536,105.12","-"
"hostname1112.domain.at","3:00 AM 25 July 2026","51,973.37","73,323.32","41,608.89","56,476.73","488,159.83","488,486.94","0.36","1.23","124,544","1,536,122.88","-"
"hostname1112.domain.at","4:00 AM 25 July 2026","51,907.48","56,575.45","41,921.37","46,831.07","487,017.99","488,452.81","3.24","3.24","124,544","1,536,121.88","-"
"hostname1112.domain.at","5:00 AM 25 July 2026","54,416.51","60,172.12","44,536.07","48,791.67","485,866.57","486,371.41","0.36","0.7","124,544","1,536,083.38","-"
"hostname1112.domain.at","6:00 AM 25 July 2026","69,306.99","104,105.98","58,495.07","93,565.66","486,067.32","492,899.78","0.36","0.97","124,544","1,536,084.38","-"
"hostname1112.domain.at","7:00 AM 25 July 2026","54,686.04","59,134.58","44,654.36","48,062.54","484,521.61","487,296.62","0.35","0.7","124,544","1,536,088.12","-"
"hostname1112.domain.at","8:00 AM 25 July 2026","53,505.36","59,317.18","43,403.27","49,327.4","483,270.72","486,158.09","0.38","0.65","124,544","1,536,173.5","-"
"hostname1112.domain.at","9:00 AM 25 July 2026","52,353.43","55,009.38","42,225.52","45,326.8","483,172.77","484,060.12","0.36","0.7","124,544","1,536,167.12","-"
"hostname1112.domain.at","10:00 AM 25 July 2026","51,913.11","60,364.32","41,598.66","45,628.07","486,071.35","489,376.03","0.37","1.09","124,544","1,536,175.38","-"
"hostname1112.domain.at","11:00 AM 25 July 2026","50,261.69","54,495.38","40,380.82","43,204.6","486,868.19","488,175.94","0.36","0.66","124,544","1,536,181.25","-"
"hostname1112.domain.at","12:00 PM 25 July 2026","53,507.66","58,740.52","43,433.81","49,481.8","487,419.24","489,069.84","0.36","0.74","124,544","1,536,145","-"
"hostname1112.domain.at","1:00 PM 25 July 2026","52,042.75","55,489.32","42,123.17","46,505.2","489,867.41","491,778.28","0.38","0.66","124,544","1,536,098.25","-"
"hostname1112.domain.at","2:00 PM 25 July 2026","49,995.08","55,471.65","39,986.18","43,672.87","487,958.27","490,547.03","0.35","0.97","124,544","1,536,090.38","-"
"hostname1112.domain.at","3:00 PM 25 July 2026","53,201.83","59,884.58","43,061.97","46,990.4","488,526.66","490,049.19","0.33","0.42","124,544","1,536,097.62","-"
"hostname1112.domain.at","4:00 PM 25 July 2026","51,657.84","54,709.45","41,702.07","44,388.54","489,129.48","491,059.97","0.39","0.66","124,544","1,536,112.62","-"
"hostname1112.domain.at","5:00 PM 25 July 2026","51,190.97","55,247.12","41,048.31","45,502.6","487,170.46","490,730.03","0.35","0.65","124,544","1,536,114","-"
"hostname1112.domain.at","6:00 PM 25 July 2026","53,007.43","57,499.12","42,915.28","46,326.2","488,169.66","501,819.12","0.39","7.03","124,544","1,536,107.62","-"
"hostname1112.domain.at","7:00 PM 25 July 2026","55,778.3","65,711.24","45,943.05","56,523.93","486,523.96","501,965.19","0.32","0.59","124,544","1,536,052.88","-"
"hostname1112.domain.at","8:00 PM 25 July 2026","56,728.16","66,152.9","47,032.57","54,617.54","489,803.99","497,052","0.33","7.06","124,544","1,536,056.75","-"
"hostname1112.domain.at","9:00 PM 25 July 2026","76,095.6","81,072.98","66,603.78","71,701.8","484,873.08","498,443.25","0.33","0.63","124,544","1,536,076.75","-"
"hostname1112.domain.at","10:00 PM 25 July 2026","64,895.48","71,318.65","55,031.38","60,634.6","468,603.24","470,087.22","0.28","1","124,544","1,536,100.88","-"
"hostname1112.domain.at","11:00 PM 25 July 2026","58,235.81","63,485.05","48,599.79","53,650.8","468,240.86","469,344.59","0.32","0.53","124,544","1,536,098.38","-"
"hostname1112.domain.at","12:00 AM 26 July 2026","73,176","83,426.25","64,152.59","73,327.34","467,110.98","472,314.28","0.32","0.56","124,544","1,536,111.75","-"
"hostname1112.domain.at","1:00 AM 26 July 2026","57,695.74","64,036.32","48,308.16","56,121.93","461,588.7","462,624.31","0.3","0.61","124,544","1,536,132.12","-"
"hostname1112.domain.at","2:00 AM 26 July 2026","59,296.66","72,850.91","49,486.94","60,326.8","467,359.09","492,312.72","0.32","0.94","124,544","1,536,085.25","-"
"hostname1112.domain.at","3:00 AM 26 July 2026","55,357.08","82,540.45","45,764.68","65,216.2","479,124.47","486,015.09","0.34","1.42","124,544","1,536,072.75","-"
"hostname1112.domain.at","4:00 AM 26 July 2026","58,099.59","64,842.18","49,012.18","54,862.73","497,821.64","499,401.94","0.32","0.61","124,544","1,536,091.38","-"
"hostname1112.domain.at","5:00 AM 26 July 2026","56,452.23","67,266.78","47,716.61","56,136.73","501,580.14","504,342.44","0.31","0.66","124,544","1,536,045.5","-"
"hostname1112.domain.at","6:00 AM 26 July 2026","68,296.27","100,841.72","58,542.37","90,665.4","501,151.41","509,570.47","0.33","6.95","124,544","1,536,045.62","-"
"hostname1112.domain.at","7:00 AM 26 July 2026","56,903.43","60,396.18","47,122.43","49,527","500,359.41","502,919.44","0.34","0.38","124,544","1,536,038.12","-"
"hostname1112.domain.at","8:00 AM 26 July 2026","52,815.49","56,207.25","43,158.81","47,067.8","499,797.84","502,919.12","0.38","0.59","124,544","1,536,023.5","-"
"hostname1112.domain.at","9:00 AM 26 July 2026","52,476.73","58,221.25","42,500.17","47,982.46","500,023.46","500,493.06","0.33","0.6","124,544","1,536,041","-"
"hostname1112.domain.at","10:00 AM 26 July 2026","50,979.51","59,032.25","41,113.81","45,417.87","503,284.35","505,984.53","0.32","0.95","124,544","1,536,008.5","-"
"hostname1112.domain.at","11:00 AM 26 July 2026","48,880.46","51,425.18","39,225.66","41,668.93","506,344.95","511,247.53","0.33","0.61","124,544","1,536,026.62","-"
"hostname1112.domain.at","12:00 PM 26 July 2026","53,236.96","57,252.71","43,354.97","46,961.73","513,344.95","516,633.97","0.32","0.73","124,544","1,536,027.25","-"
"hostname1112.domain.at","1:00 PM 26 July 2026","52,322.16","56,096.18","42,602.45","45,355.73","518,979.08","521,141.59","0.33","0.67","124,544","1,536,037.25","-"
"hostname1112.domain.at","2:00 PM 26 July 2026","51,487.65","63,772.92","41,839.29","47,795.6","516,824.26","520,607.56","0.3","1.15","124,544","1,536,029.75","-"
"hostname1112.domain.at","3:00 PM 26 July 2026","53,003.07","58,606.98","45,065.13","50,956.6","516,794.75","517,482.66","0.31","0.7","124,544","1,536,021.88","-"
"hostname1112.domain.at","4:00 PM 26 July 2026","56,953.22","66,500.12","48,192.96","58,713.87","491,463.2","517,492.16","0.31","4.8","124,544","1,536,033.62","-"
"hostname1112.domain.at","5:00 PM 26 July 2026","52,309.27","55,643.71","42,599.04","45,858","489,793.56","493,329.56","0.33","0.65","124,544","1,536,049.75","-"
"hostname1112.domain.at","6:00 PM 26 July 2026","52,665.93","60,473.05","42,506.42","47,788.93","487,685.3","495,898.84","0.32","0.92","124,544","1,536,069.38","-"
"hostname1112.domain.at","7:00 PM 26 July 2026","50,529.69","53,634.58","40,688.77","43,683.33","496,153.57","497,317.97","0.33","0.58","124,544","1,536,012","-"
"hostname1112.domain.at","8:00 PM 26 July 2026","49,970.25","54,969.38","40,038.86","45,414.46","501,494.23","507,231.03","0.33","0.58","124,544","1,535,988.38","-"
"hostname1112.domain.at","9:00 PM 26 July 2026","52,917.21","59,628.52","42,748.07","48,216.46","505,374.78","506,973.56","0.37","0.65","124,544","1,536,003.5","-"
"hostname1112.domain.at","10:00 PM 26 July 2026","53,260.03","63,332.45","42,884.69","48,235.54","504,763.84","507,326.62","0.33","1.04","124,544","1,535,994.88","-"
"hostname1112.domain.at","11:00 PM 26 July 2026","55,024.5","63,316.65","44,896.87","52,995.2","502,974.19","503,829.34","0.35","0.67","124,544","1,535,985","-"
"hostname1112.domain.at","12:00 AM 27 July 2026","55,955.53","68,424.65","46,079.28","58,614.46","503,631.7","506,066.31","0.32","0.56","124,544","1,535,995.88","-"
"hostname1112.domain.at","1:00 AM 27 July 2026","55,444.63","74,099.59","45,086.24","64,302.13","503,771.74","518,317.44","0.35","0.6","124,544","1,536,016.25","-"
"hostname1112.domain.at","2:00 AM 27 July 2026","51,353.4","58,712.65","41,088.83","47,407.07","495,361.1","499,277.06","0.35","0.75","124,544","1,536,033.25","-"
"hostname1112.domain.at","3:00 AM 27 July 2026","56,106.19","87,654.72","44,750.73","63,654.13","496,057.52","499,415.88","0.38","2.09","124,544","1,536,073.38","-"
"hostname1112.domain.at","4:00 AM 27 July 2026","51,271.73","56,496.52","41,193.61","46,247.6","495,375.43","498,384.22","0.36","7.06","124,544","1,536,076.88","-"
"hostname1112.domain.at","5:00 AM 27 July 2026","52,513.66","60,318.79","43,389.68","49,634.87","497,589.18","498,910.31","0.35","0.68","124,544","1,536,080","-"
"hostname1112.domain.at","6:00 AM 27 July 2026","68,390.74","94,515.45","58,607.18","84,122.2","488,476.98","502,478","0.33","4.93","124,544","1,536,095.62","-"
"hostname1112.domain.at","7:00 AM 27 July 2026","62,152.68","69,757.03","52,050.74","58,799.4","484,528.71","488,785.31","0.37","0.73","124,544","1,536,091.62","-"
"hostname1112.domain.at","8:00 AM 27 July 2026","63,919.36","70,702.05","53,630.45","58,808.6","488,153.18","491,540.31","0.34","0.89","124,544","1,536,089.25","-"
"hostname1112.domain.at","9:00 AM 27 July 2026","64,861.82","68,476.59","55,222.43","60,900.73","493,456.99","496,053.75","0.38","0.67","124,544","1,535,782.12","-"
"hostname1112.domain.at","10:00 AM 27 July 2026","63,662.46","72,993.85","53,825.96","58,902","499,793.1","503,477.69","0.34","1.3","124,544","1,536,141.88","-"
"hostname1112.domain.at","11:00 AM 27 July 2026","61,756.79","65,889.37","51,328.21","54,386.93","501,170.28","503,222.47","0.34","0.78","124,544","1,536,162.38","-"
"hostname1112.domain.at","12:00 PM 27 July 2026","64,688.35","68,411.59","54,231.28","58,480.8","503,658.92","505,467.69","0.3","0.81","124,544","1,536,162.88","-"
"hostname1112.domain.at","1:00 PM 27 July 2026","64,897.9","69,459.52","54,435.99","58,019.07","506,679.79","509,516.31","0.35","0.8","124,544","1,536,157.25","-"
"hostname1112.domain.at","2:00 PM 27 July 2026","61,880.01","72,615.91","51,098.68","55,756.07","504,227.96","507,561.09","0.32","1.22","124,544","1,536,107.62","-"
"hostname1112.domain.at","3:00 PM 27 July 2026","63,587.29","71,198.12","52,787.78","57,890.8","504,290.76","505,499.25","0.36","0.92","124,544","1,536,066.12","-"
"hostname1112.domain.at","4:00 PM 27 July 2026","61,588.59","71,221.65","51,110.08","58,014.54","503,855.49","505,701.38","0.67","0.77","124,544","1,536,082.62","-"
"hostname1112.domain.at","5:00 PM 27 July 2026","53,291.7","61,743.25","43,024.58","48,502.33","497,611.78","501,689.91","0.34","0.42","124,544","1,536,083.12","-"
"hostname1112.domain.at","6:00 PM 27 July 2026","54,902.61","58,852.71","44,828.86","48,493.2","495,439.7","497,487.31","0.36","1.04","124,544","1,536,071.75","-"
"hostname1112.domain.at","7:00 PM 27 July 2026","58,533.22","60,590.52","48,298.72","50,278.27","523,957.7","528,691.75","0.39","0.65","124,544","1,536,112.88","-"
"hostname1112.domain.at","8:00 PM 27 July 2026","55,995.69","62,817.98","45,725.59","52,850.13","524,624.28","538,619.81","0.36","0.65","124,544","1,536,085.5","-"
"hostname1112.domain.at","9:00 PM 27 July 2026","58,590.12","66,262.81","48,351.41","55,955.2","534,277.2","535,576.25","0.39","0.66","124,544","1,536,089.12","-"
"hostname1112.domain.at","10:00 PM 27 July 2026","65,319.92","69,034.17","54,298.94","58,788.93","532,838.74","536,410.06","0.43","7.22","124,544","1,536,118.12","-"
"hostname1112.domain.at","11:00 PM 27 July 2026","59,977.64","63,413.65","49,624.87","53,229.54","529,348.38","530,957.88","0.37","3.94","124,544","1,536,114.62","-"
