"Name","Interval Breakdown","Cluster|CPU|Demand|Avg","Cluster|CPU|Demand|Max","Cluster|Memory|Utilization (MB)|Avg","Cluster|Memory|Utilization (MB)|Max","Cluster|CPU|Contention (%)|Avg","Cluster|CPU|Contention (%)|Max"
"CL_LNZ_SRV_9910_Win01","12:00 AM 21 July 2026","1,791,567.26","2,041,554.12","15,652,839.91","15,870,873","0.4","0.76"
"CL_LNZ_SRV_9910_Win01","1:00 AM 21 July 2026","1,782,808.85","2,054,364.75","15,551,385.17","15,624,695","0.69","2.33"
"CL_LNZ_SRV_9910_Win01","2:00 AM 21 July 2026","1,919,252.96","2,052,532.5","15,350,434.42","15,530,377","0.39","0.57"
"CL_LNZ_SRV_9910_Win01","3:00 AM 21 July 2026","1,903,499.93","2,341,366.75","15,221,803.17","15,373,455","0.54","0.85"
"CL_LNZ_SRV_9910_Win01","4:00 AM 21 July 2026","1,641,755.53","1,791,103.88","14,984,631.25","15,039,512","0.52","0.99"
"CL_LNZ_SRV_9910_Win01","5:00 AM 21 July 2026","1,653,844.9","1,935,313.88","15,195,353.58","15,236,591","0.4","0.84"
"CL_LNZ_SRV_9910_Win01","6:00 AM 21 July 2026","2,002,464.91","2,742,218","15,244,431.17","15,355,509","1.01","3.46"
"CL_LNZ_SRV_9910_Win01","7:00 AM 21 July 2026","1,811,021.88","1,898,144","15,406,081.42","15,648,994","0.45","0.84"
"CL_LNZ_SRV_9910_Win01","8:00 AM 21 July 2026","1,967,434.61","2,153,283","15,870,807.73","16,010,612","0.38","0.78"
"CL_LNZ_SRV_9910_Win01","9:00 AM 21 July 2026","2,029,427.39","2,235,967","16,175,890.17","16,283,842","0.42","0.77"
"CL_LNZ_SRV_9910_Win01","10:00 AM 21 July 2026","2,030,735.88","2,133,799.25","16,338,597.08","16,419,779","0.65","1.25"
"CL_LNZ_SRV_9910_Win01","11:00 AM 21 July 2026","2,034,663.84","2,109,913.75","16,493,471.42","16,597,210","0.82","1.75"
"CL_LNZ_SRV_9910_Win01","12:00 PM 21 July 2026","1,982,010.49","2,141,797","16,612,952.67","16,669,100","0.52","1.05"
"CL_LNZ_SRV_9910_Win01","1:00 PM 21 July 2026","1,932,359.78","2,030,086.62","16,698,898.25","16,761,927","0.43","0.69"
"CL_LNZ_SRV_9910_Win01","2:00 PM 21 July 2026","1,953,038.7","2,138,131","16,657,665.5","16,866,896","0.52","0.85"
"CL_LNZ_SRV_9910_Win01","3:00 PM 21 July 2026","1,939,946.33","2,123,284.25","16,659,872.08","16,764,829","0.51","1"
"CL_LNZ_SRV_9910_Win01","4:00 PM 21 July 2026","1,926,234.15","2,203,202.5","16,544,305.25","16,648,589","0.39","0.68"
"CL_LNZ_SRV_9910_Win01","5:00 PM 21 July 2026","1,774,624.23","2,016,268","16,268,754.36","16,377,474","0.46","0.88"
"CL_LNZ_SRV_9910_Win01","6:00 PM 21 July 2026","1,908,559.2","2,124,439","16,160,359.33","16,342,237","0.85","1.52"
"CL_LNZ_SRV_9910_Win01","7:00 PM 21 July 2026","1,911,792.08","2,225,415.5","16,255,182.33","16,383,189","0.82","1.46"
"CL_LNZ_SRV_9910_Win01","8:00 PM 21 July 2026","1,957,230.55","2,143,867","16,316,757.33","16,381,766","0.67","0.94"
"CL_LNZ_SRV_9910_Win01","9:00 PM 21 July 2026","1,876,923.38","2,061,727.25","16,179,991.75","16,322,968","0.43","1.03"
"CL_LNZ_SRV_9910_Win01","10:00 PM 21 July 2026","1,836,818.06","1,998,759.12","16,031,675.83","16,140,098","0.75","1.31"
"CL_LNZ_SRV_9910_Win01","11:00 PM 21 July 2026","1,710,541.54","1,915,246.75","15,918,776.5","16,003,826","0.64","1.24"
"CL_LNZ_SRV_9910_Win01","12:00 AM 22 July 2026","1,730,799.11","1,868,005","15,821,868.58","15,914,803","0.44","0.88"
"CL_LNZ_SRV_9910_Win01","1:00 AM 22 July 2026","1,723,383.24","2,014,548","15,750,666","15,877,078","0.5","1.44"
"CL_LNZ_SRV_9910_Win01","2:00 AM 22 July 2026","1,672,830.97","1,945,483.62","15,569,114.27","15,651,852","0.43","0.76"
"CL_LNZ_SRV_9910_Win01","3:00 AM 22 July 2026","1,617,642.32","2,061,549.12","15,552,090.25","15,666,799","0.31","0.58"
"CL_LNZ_SRV_9910_Win01","4:00 AM 22 July 2026","1,574,085.2","1,696,634.75","15,396,452.33","15,438,395","0.29","0.65"
"CL_LNZ_SRV_9910_Win01","5:00 AM 22 July 2026","1,649,667.82","1,911,522.5","15,539,470.25","15,576,121","0.42","0.68"
"CL_LNZ_SRV_9910_Win01","6:00 AM 22 July 2026","1,989,628.11","2,724,159","15,555,046.92","15,656,776","0.9","1.78"
"CL_LNZ_SRV_9910_Win01","7:00 AM 22 July 2026","1,767,055.86","1,815,486.5","15,698,624.33","15,895,707","0.45","1.4"
"CL_LNZ_SRV_9910_Win01","8:00 AM 22 July 2026","1,942,158.51","2,061,993.38","16,141,815.08","16,283,535","0.61","1.08"
"CL_LNZ_SRV_9910_Win01","9:00 AM 22 July 2026","2,041,681.2","2,245,988.25","16,476,354","16,563,277","0.5","0.87"
"CL_LNZ_SRV_9910_Win01","10:00 AM 22 July 2026","2,098,431.16","2,262,479.5","16,656,852.36","16,718,817","0.52","0.88"
"CL_LNZ_SRV_9910_Win01","11:00 AM 22 July 2026","2,074,544.79","2,237,427.5","16,633,790.25","16,706,607","0.68","1.23"
"CL_LNZ_SRV_9910_Win01","12:00 PM 22 July 2026","1,944,024.36","2,074,242","16,627,520.17","16,656,012","0.6","0.92"
"CL_LNZ_SRV_9910_Win01","1:00 PM 22 July 2026","1,900,754.22","2,006,532.75","16,669,723.42","16,719,901","0.46","0.92"
"CL_LNZ_SRV_9910_Win01","2:00 PM 22 July 2026","1,932,149.51","2,181,520.5","16,715,843.83","16,771,613","0.6","1.37"
"CL_LNZ_SRV_9910_Win01","3:00 PM 22 July 2026","1,849,558.7","2,015,792.62","16,720,774.58","16,801,660","0.43","0.76"
"CL_LNZ_SRV_9910_Win01","4:00 PM 22 July 2026","1,909,174.35","2,048,822.5","16,618,772.33","16,699,576","0.41","0.77"
"CL_LNZ_SRV_9910_Win01","5:00 PM 22 July 2026","1,780,375.33","2,115,141.75","16,369,611.83","16,527,680","0.59","1.26"
"CL_LNZ_SRV_9910_Win01","6:00 PM 22 July 2026","1,892,647.97","2,036,807.75","16,284,747.33","16,512,792","0.72","1.52"
"CL_LNZ_SRV_9910_Win01","7:00 PM 22 July 2026","1,896,369.92","2,106,254","16,381,472.55","16,495,880","0.42","0.89"
"CL_LNZ_SRV_9910_Win01","8:00 PM 22 July 2026","1,930,568.44","2,253,384.5","16,498,426.83","16,563,230","0.5","1.53"
"CL_LNZ_SRV_9910_Win01","9:00 PM 22 July 2026","1,868,196.7","2,157,256.25","16,322,495.17","16,551,440","0.52","0.85"
"CL_LNZ_SRV_9910_Win01","10:00 PM 22 July 2026","1,817,609.62","1,960,619.88","16,198,753.67","16,354,933","0.61","1.25"
"CL_LNZ_SRV_9910_Win01","11:00 PM 22 July 2026","1,687,816.56","1,846,525.12","16,053,598.75","16,119,494","0.59","1.11"
"CL_LNZ_SRV_9910_Win01","12:00 AM 23 July 2026","1,688,461.38","1,866,196.12","15,914,110.42","16,068,703","0.5","1.03"
"CL_LNZ_SRV_9910_Win01","1:00 AM 23 July 2026","1,706,314.73","1,939,905.88","15,801,845.92","15,969,500","0.6","1.63"
"CL_LNZ_SRV_9910_Win01","2:00 AM 23 July 2026","1,617,863.51","1,863,479.5","15,622,286","15,702,478","0.43","0.96"
"CL_LNZ_SRV_9910_Win01","3:00 AM 23 July 2026","1,599,054.75","2,248,127.75","15,570,275.18","15,745,713","0.43","1.01"
"CL_LNZ_SRV_9910_Win01","4:00 AM 23 July 2026","1,511,416.89","1,670,443","15,262,373.67","15,474,480","0.36","0.8"
"CL_LNZ_SRV_9910_Win01","5:00 AM 23 July 2026","1,642,495.92","1,904,586.25","15,420,106.17","15,458,985","0.34","0.62"
"CL_LNZ_SRV_9910_Win01","6:00 AM 23 July 2026","1,998,292.07","2,753,204","15,573,148.5","15,733,338","1.21","2.47"
"CL_LNZ_SRV_9910_Win01","7:00 AM 23 July 2026","1,772,797.91","1,920,420.38","15,790,009.08","16,029,148","0.53","2.05"
"CL_LNZ_SRV_9910_Win01","8:00 AM 23 July 2026","1,914,320.28","2,042,948.12","16,265,719.17","16,377,915","0.48","1"
"CL_LNZ_SRV_9910_Win01","9:00 AM 23 July 2026","1,949,635.12","2,053,084.38","16,484,034.33","16,586,836","0.51","0.75"
"CL_LNZ_SRV_9910_Win01","10:00 AM 23 July 2026","2,010,006.79","2,170,700.5","16,589,577.42","16,719,269","0.72","1.34"
"CL_LNZ_SRV_9910_Win01","11:00 AM 23 July 2026","1,953,202.73","2,115,416.75","16,754,511.17","16,804,700","0.56","1.19"
"CL_LNZ_SRV_9910_Win01","12:00 PM 23 July 2026","1,967,243.81","2,149,203.5","16,896,559.82","16,964,640","0.61","1.03"
"CL_LNZ_SRV_9910_Win01","1:00 PM 23 July 2026","1,926,946.62","2,057,839.75","16,869,020.83","16,977,286","0.44","0.62"
"CL_LNZ_SRV_9910_Win01","2:00 PM 23 July 2026","1,900,764.01","2,075,462.88","16,795,024.58","16,861,820","0.49","1.08"
"CL_LNZ_SRV_9910_Win01","3:00 PM 23 July 2026","1,892,702.06","1,998,017.5","16,859,824.67","16,934,556","0.46","1.11"
"CL_LNZ_SRV_9910_Win01","4:00 PM 23 July 2026","1,874,945.65","2,090,049.5","16,664,505.5","16,827,156","0.52","1.09"
"CL_LNZ_SRV_9910_Win01","5:00 PM 23 July 2026","1,723,250.11","1,926,897","16,288,303.58","16,342,662","0.61","2.38"
"CL_LNZ_SRV_9910_Win01","6:00 PM 23 July 2026","1,874,253.81","2,001,126.62","16,282,520.33","16,468,765","0.84","1.54"
"CL_LNZ_SRV_9910_Win01","7:00 PM 23 July 2026","1,867,850.62","2,048,054.12","16,456,048.42","16,575,768","0.46","0.99"
"CL_LNZ_SRV_9910_Win01","8:00 PM 23 July 2026","1,972,859.39","2,237,343","16,559,770.09","16,647,341","0.64","1.38"
"CL_LNZ_SRV_9910_Win01","9:00 PM 23 July 2026","1,849,714.44","2,149,986.75","16,403,571.58","16,568,449","0.61","1.1"
"CL_LNZ_SRV_9910_Win01","10:00 PM 23 July 2026","1,779,570.23","1,969,066.12","16,250,909","16,378,638","0.66","1.2"
"CL_LNZ_SRV_9910_Win01","11:00 PM 23 July 2026","1,668,904.32","1,779,009.88","16,190,759.67","16,301,957","0.5","1.52"
"CL_LNZ_SRV_9910_Win01","12:00 AM 24 July 2026","1,708,795.21","1,901,243.12","15,948,916.92","16,157,810","0.44","1.1"
"CL_LNZ_SRV_9910_Win01","1:00 AM 24 July 2026","1,720,242.06","1,867,602","15,777,985.08","15,985,480","0.46","1.18"
"CL_LNZ_SRV_9910_Win01","2:00 AM 24 July 2026","1,638,175.16","1,887,329.12","15,569,238.58","15,639,650","0.44","0.89"
"CL_LNZ_SRV_9910_Win01","3:00 AM 24 July 2026","1,609,764.36","2,225,773","15,411,601.5","15,723,598","0.41","0.74"
"CL_LNZ_SRV_9910_Win01","4:00 AM 24 July 2026","1,495,752.02","1,632,984.75","15,290,595.25","15,327,258","0.46","1.04"
"CL_LNZ_SRV_9910_Win01","5:00 AM 24 July 2026","1,629,865.4","1,950,978.38","15,509,630.64","15,537,170","0.4","0.78"
"CL_LNZ_SRV_9910_Win01","6:00 AM 24 July 2026","1,959,035.79","2,692,246","15,587,950.25","15,691,410","0.83","2.46"
"CL_LNZ_SRV_9910_Win01","7:00 AM 24 July 2026","1,734,985.18","1,795,039.5","15,751,528.5","15,916,635","0.43","0.94"
"CL_LNZ_SRV_9910_Win01","8:00 AM 24 July 2026","1,855,506.28","1,973,076.5","16,126,628.33","16,223,248","0.35","0.61"
"CL_LNZ_SRV_9910_Win01","9:00 AM 24 July 2026","1,917,706.09","2,018,418.62","16,384,519.25","16,499,459","0.4","0.72"
"CL_LNZ_SRV_9910_Win01","10:00 AM 24 July 2026","1,950,312.65","2,091,846.75","16,508,074.08","16,595,199","0.5","0.88"
"CL_LNZ_SRV_9910_Win01","11:00 AM 24 July 2026","1,938,677.62","2,100,453.5","16,589,944.67","16,674,319","0.66","1.22"
"CL_LNZ_SRV_9910_Win01","12:00 PM 24 July 2026","1,870,644.54","2,128,212.25","16,635,207.25","16,666,500","0.6","1.3"
"CL_LNZ_SRV_9910_Win01","1:00 PM 24 July 2026","1,781,237.55","1,950,085.12","16,630,833.36","16,674,901","0.37","1.17"
"CL_LNZ_SRV_9910_Win01","2:00 PM 24 July 2026","1,809,515.62","2,071,904.12","16,552,027.92","16,616,321","0.37","1.1"
"CL_LNZ_SRV_9910_Win01","3:00 PM 24 July 2026","1,759,737.21","1,918,107.5","16,493,998.67","16,592,791","0.37","0.75"
"CL_LNZ_SRV_9910_Win01","4:00 PM 24 July 2026","1,791,597.23","1,998,886.38","16,382,304.92","16,501,669","0.32","0.55"
"CL_LNZ_SRV_9910_Win01","5:00 PM 24 July 2026","1,607,829.76","1,768,702.12","16,139,984","16,260,245","0.51","1.13"
"CL_LNZ_SRV_9910_Win01","6:00 PM 24 July 2026","1,815,665.02","1,964,349.75","16,123,239.75","16,282,424","0.69","1.64"
"CL_LNZ_SRV_9910_Win01","7:00 PM 24 July 2026","1,840,833.28","2,024,516","16,226,820.33","16,397,112","0.5","1.49"
"CL_LNZ_SRV_9910_Win01","8:00 PM 24 July 2026","1,928,252.08","2,153,566.75","16,296,262.92","16,401,684","0.62","1.6"
"CL_LNZ_SRV_9910_Win01","9:00 PM 24 July 2026","1,811,934.52","2,098,175.25","16,175,327.5","16,297,830","0.59","1.73"
"CL_LNZ_SRV_9910_Win01","10:00 PM 24 July 2026","1,776,845.43","2,110,504","15,987,266.36","16,082,890","0.5","1.47"
"CL_LNZ_SRV_9910_Win01","11:00 PM 24 July 2026","1,639,232.6","1,804,669.88","15,930,695.33","15,993,041","0.66","1.85"
"CL_LNZ_SRV_9910_Win01","12:00 AM 25 July 2026","1,674,651.57","1,893,442.25","15,875,389.83","15,928,341","0.35","0.61"
"CL_LNZ_SRV_9910_Win01","1:00 AM 25 July 2026","1,689,521.18","1,861,696.25","15,878,346","15,921,501","0.41","1.04"
"CL_LNZ_SRV_9910_Win01","2:00 AM 25 July 2026","1,654,684.05","1,840,393","15,912,749.25","15,965,773","0.45","0.98"
"CL_LNZ_SRV_9910_Win01","3:00 AM 25 July 2026","1,649,830.49","2,206,144.75","15,918,375.92","15,998,095","0.35","0.77"
"CL_LNZ_SRV_9910_Win01","4:00 AM 25 July 2026","1,607,815.3","1,749,503.75","15,794,102.25","15,830,392","0.35","0.83"
"CL_LNZ_SRV_9910_Win01","5:00 AM 25 July 2026","1,667,034.42","1,903,073.12","15,835,793.42","15,855,469","0.26","0.57"
"CL_LNZ_SRV_9910_Win01","6:00 AM 25 July 2026","1,987,518.73","2,671,430","15,954,980.27","16,041,123","0.9","2.14"
"CL_LNZ_SRV_9910_Win01","7:00 AM 25 July 2026","1,638,272.62","1,876,627.62","16,131,428.25","16,181,600","0.75","1.93"
"CL_LNZ_SRV_9910_Win01","8:00 AM 25 July 2026","1,531,047.83","1,577,092.12","16,173,220.92","16,224,812","0.53","1.05"
"CL_LNZ_SRV_9910_Win01","9:00 AM 25 July 2026","1,433,512.21","1,564,899.75","16,142,502.33","16,193,523","0.42","0.74"
"CL_LNZ_SRV_9910_Win01","10:00 AM 25 July 2026","1,485,654.43","1,658,487.12","16,103,847.92","16,137,977","0.37","0.96"
"CL_LNZ_SRV_9910_Win01","11:00 AM 25 July 2026","1,522,499.98","1,604,238.12","16,042,838.42","16,148,416","0.41","1.5"
"CL_LNZ_SRV_9910_Win01","12:00 PM 25 July 2026","1,586,433.31","1,654,472.5","15,984,017.67","16,077,436","0.52","1.55"
"CL_LNZ_SRV_9910_Win01","1:00 PM 25 July 2026","1,531,750.25","1,653,485.62","16,115,230.42","16,147,114","0.5","1.14"
"CL_LNZ_SRV_9910_Win01","2:00 PM 25 July 2026","1,539,820.01","1,703,517.5","16,144,593.92","16,180,344","0.25","0.58"
"CL_LNZ_SRV_9910_Win01","3:00 PM 25 July 2026","1,631,638.32","1,739,440.62","16,114,155.82","16,143,940","0.34","0.7"
"CL_LNZ_SRV_9910_Win01","4:00 PM 25 July 2026","1,467,721.72","1,634,622.88","16,092,036.33","16,111,421","0.31","0.6"
"CL_LNZ_SRV_9910_Win01","5:00 PM 25 July 2026","1,540,945.6","1,595,568.25","15,866,483","16,056,801","0.43","0.74"
"CL_LNZ_SRV_9910_Win01","6:00 PM 25 July 2026","1,543,101.98","1,802,441.38","15,989,923.42","16,040,690","0.66","2.06"
"CL_LNZ_SRV_9910_Win01","7:00 PM 25 July 2026","1,654,864.05","1,757,113","15,854,770","16,039,065","0.69","2.07"
"CL_LNZ_SRV_9910_Win01","8:00 PM 25 July 2026","1,803,205.57","1,898,400.88","15,965,604.75","16,002,291","0.92","1.6"
"CL_LNZ_SRV_9910_Win01","9:00 PM 25 July 2026","1,821,241.94","1,949,266.25","15,994,824.75","16,023,229","0.41","0.7"
"CL_LNZ_SRV_9910_Win01","10:00 PM 25 July 2026","1,775,236.35","1,941,288.5","16,002,043.67","16,037,708","0.55","1.59"
"CL_LNZ_SRV_9910_Win01","11:00 PM 25 July 2026","1,770,415.36","1,877,345.25","16,013,340.73","16,028,890","0.45","1.13"
"CL_LNZ_SRV_9910_Win01","12:00 AM 26 July 2026","1,800,415.43","2,044,503.5","16,019,528.75","16,048,224","0.34","0.69"
"CL_LNZ_SRV_9910_Win01","1:00 AM 26 July 2026","1,735,434.04","1,899,180.5","16,021,474.42","16,041,896","0.44","1.09"
"CL_LNZ_SRV_9910_Win01","2:00 AM 26 July 2026","1,825,386.4","1,956,768","16,119,522.17","16,163,809","0.45","0.82"
"CL_LNZ_SRV_9910_Win01","3:00 AM 26 July 2026","1,740,057.73","2,404,420.25","16,087,588.83","16,132,880","0.58","1.09"
"CL_LNZ_SRV_9910_Win01","4:00 AM 26 July 2026","1,805,354.43","1,948,121.25","16,717,888.58","16,841,258","0.39","0.83"
"CL_LNZ_SRV_9910_Win01","5:00 AM 26 July 2026","1,791,254.22","2,071,000.38","16,817,446","16,833,800","0.34","0.87"
"CL_LNZ_SRV_9910_Win01","6:00 AM 26 July 2026","1,885,497.57","2,448,517","16,836,078.5","16,959,054","0.7","2.16"
"CL_LNZ_SRV_9910_Win01","7:00 AM 26 July 2026","1,571,817.7","1,787,335.62","16,814,173.64","16,828,762","0.35","0.67"
"CL_LNZ_SRV_9910_Win01","8:00 AM 26 July 2026","1,526,926.28","1,687,237.12","16,825,338.83","16,847,482","0.27","0.49"
"CL_LNZ_SRV_9910_Win01","9:00 AM 26 July 2026","1,481,784.91","1,542,492.75","16,846,606.5","16,868,350","0.25","0.56"
"CL_LNZ_SRV_9910_Win01","10:00 AM 26 July 2026","1,482,634.96","1,636,336","16,869,213.67","16,894,630","0.23","0.56"
"CL_LNZ_SRV_9910_Win01","11:00 AM 26 July 2026","1,419,444.72","1,493,770.5","16,894,569.67","16,927,014","0.19","0.5"
"CL_LNZ_SRV_9910_Win01","12:00 PM 26 July 2026","1,481,873.27","1,576,441.88","17,039,385.17","17,150,450","0.27","0.68"
"CL_LNZ_SRV_9910_Win01","1:00 PM 26 July 2026","1,412,701.36","1,554,085.75","16,943,205.33","16,986,262","0.35","0.92"
"CL_LNZ_SRV_9910_Win01","2:00 PM 26 July 2026","1,395,150.38","1,600,119.12","16,910,430.17","16,936,602","0.21","0.58"
"CL_LNZ_SRV_9910_Win01","3:00 PM 26 July 2026","1,374,157.9","1,460,842.38","16,913,205.45","16,944,776","0.2","0.49"
"CL_LNZ_SRV_9910_Win01","4:00 PM 26 July 2026","1,740,978.47","1,943,914.75","15,333,379.17","16,930,914","0.55","1.03"
"CL_LNZ_SRV_9910_Win01","5:00 PM 26 July 2026","1,493,783.85","1,669,092.5","14,536,169.17","14,573,418","0.61","1.67"
"CL_LNZ_SRV_9910_Win01","6:00 PM 26 July 2026","1,470,111.96","1,530,208.25","14,416,242.42","14,616,315","0.27","0.62"
"CL_LNZ_SRV_9910_Win01","7:00 PM 26 July 2026","1,446,349.45","1,519,277.12","14,635,930.17","14,707,868","0.25","0.61"
"CL_LNZ_SRV_9910_Win01","8:00 PM 26 July 2026","1,553,051.43","1,617,925.38","14,760,434.75","14,819,913","0.7","1.99"
"CL_LNZ_SRV_9910_Win01","9:00 PM 26 July 2026","1,509,647.44","1,636,198.38","14,766,583.67","14,793,354","0.46","1.46"
"CL_LNZ_SRV_9910_Win01","10:00 PM 26 July 2026","1,535,410.8","1,735,321.88","14,744,620","14,774,675","0.25","0.54"
"CL_LNZ_SRV_9910_Win01","11:00 PM 26 July 2026","1,487,128.27","1,592,369","14,741,330.33","14,775,764","0.2","0.46"
"CL_LNZ_SRV_9910_Win01","12:00 AM 27 July 2026","1,513,818.88","1,747,746.88","14,765,041.91","14,821,539","0.27","0.7"
"CL_LNZ_SRV_9910_Win01","1:00 AM 27 July 2026","1,553,070.72","1,939,079.25","14,887,204.92","15,026,100","0.24","0.44"
"CL_LNZ_SRV_9910_Win01","2:00 AM 27 July 2026","1,478,310.01","1,745,911.88","14,431,497.5","14,511,967","0.19","0.38"
"CL_LNZ_SRV_9910_Win01","3:00 AM 27 July 2026","1,482,251.95","1,940,941.5","14,631,865.25","14,759,137","0.38","1.15"
"CL_LNZ_SRV_9910_Win01","4:00 AM 27 July 2026","1,436,350.33","1,555,228.62","14,653,637.17","14,709,206","0.47","1.03"
"CL_LNZ_SRV_9910_Win01","5:00 AM 27 July 2026","1,521,961.73","1,708,353.25","15,023,365.92","15,069,230","0.46","0.98"
"CL_LNZ_SRV_9910_Win01","6:00 AM 27 July 2026","1,793,955.44","2,309,149","15,018,860","15,129,041","0.65","1.1"
"CL_LNZ_SRV_9910_Win01","7:00 AM 27 July 2026","1,657,124.12","1,743,545","15,224,270.67","15,426,775","0.34","0.85"
"CL_LNZ_SRV_9910_Win01","8:00 AM 27 July 2026","1,856,268.99","1,993,707.62","15,661,968.55","15,749,845","0.53","0.8"
"CL_LNZ_SRV_9910_Win01","9:00 AM 27 July 2026","1,925,874.14","2,055,177.25","15,920,177.83","16,018,731","0.46","0.93"
"CL_LNZ_SRV_9910_Win01","10:00 AM 27 July 2026","1,913,674.92","2,034,854.75","16,125,794","16,246,889","0.84","2.56"
"CL_LNZ_SRV_9910_Win01","11:00 AM 27 July 2026","1,885,194.28","1,975,566.62","16,277,079","16,376,689","0.51","0.68"
"CL_LNZ_SRV_9910_Win01","12:00 PM 27 July 2026","1,835,748.28","1,969,521.62","16,385,447.75","16,437,463","0.52","0.92"
"CL_LNZ_SRV_9910_Win01","1:00 PM 27 July 2026","1,854,928.29","1,950,107.88","16,492,413.42","16,578,124","0.41","1.05"
"CL_LNZ_SRV_9910_Win01","2:00 PM 27 July 2026","1,876,876.94","2,124,830.5","16,699,660.25","16,863,008","0.44","0.87"
"CL_LNZ_SRV_9910_Win01","3:00 PM 27 July 2026","1,830,033.7","2,040,512.38","16,874,971.33","17,029,316","0.41","0.84"
"CL_LNZ_SRV_9910_Win01","4:00 PM 27 July 2026","1,830,683.72","2,117,179","16,602,398.83","16,795,808","0.45","1.58"
"CL_LNZ_SRV_9910_Win01","5:00 PM 27 July 2026","1,644,523.48","1,964,030","16,207,231.09","16,423,973","0.56","1.78"
"CL_LNZ_SRV_9910_Win01","6:00 PM 27 July 2026","1,730,008.14","1,904,417.12","15,719,252.17","16,289,316","0.44","1.26"
"CL_LNZ_SRV_9910_Win01","7:00 PM 27 July 2026","1,791,554.39","1,927,741.75","16,225,954.5","16,310,918","0.61","1.22"
"CL_LNZ_SRV_9910_Win01","8:00 PM 27 July 2026","1,886,067.75","2,145,284","16,305,080.83","16,397,490","0.56","1.98"
"CL_LNZ_SRV_9910_Win01","9:00 PM 27 July 2026","1,811,776.72","2,025,998.75","16,170,120.58","16,308,209","0.64","1.31"
"CL_LNZ_SRV_9910_Win01","10:00 PM 27 July 2026","1,750,041.88","1,987,805.12","16,019,188.83","16,161,337","0.58","1.61"
"CL_LNZ_SRV_9910_Win01","11:00 PM 27 July 2026","1,629,301.56","1,770,966.75","15,930,474.25","16,037,731","0.46","1.11"
"CL_LNZ_SRV_9910_Win02","12:00 AM 21 July 2026","688,398.28","760,513.62","5,942,373.09","5,991,469","0.22","0.42"
"CL_LNZ_SRV_9910_Win02","1:00 AM 21 July 2026","701,129.94","896,832.81","5,956,228.29","5,994,049.5","0.21","0.37"
"CL_LNZ_SRV_9910_Win02","2:00 AM 21 July 2026","756,612.52","820,228.88","5,932,414.08","6,042,024","0.21","0.48"
"CL_LNZ_SRV_9910_Win02","3:00 AM 21 July 2026","749,849.2","942,826.5","5,851,803.38","5,895,127","0.26","0.63"
"CL_LNZ_SRV_9910_Win02","4:00 AM 21 July 2026","610,255.38","692,342.25","5,746,114.79","5,777,175","0.18","0.29"
"CL_LNZ_SRV_9910_Win02","5:00 AM 21 July 2026","601,142.51","702,264.5","5,832,660.08","5,847,471","0.2","0.37"
"CL_LNZ_SRV_9910_Win02","6:00 AM 21 July 2026","775,403.17","1,094,897.38","5,895,802.62","5,957,975.5","0.21","0.72"
"CL_LNZ_SRV_9910_Win02","7:00 AM 21 July 2026","693,036.19","724,476.19","5,987,520.54","6,070,039.5","0.21","0.42"
"CL_LNZ_SRV_9910_Win02","8:00 AM 21 July 2026","803,002.11","845,834","6,136,274.23","6,176,342.5","0.23","0.48"
"CL_LNZ_SRV_9910_Win02","9:00 AM 21 July 2026","842,527.83","876,336.12","6,228,414.12","6,256,410","0.24","0.48"
"CL_LNZ_SRV_9910_Win02","10:00 AM 21 July 2026","847,459.02","936,016.38","6,276,749.58","6,364,319.5","0.36","0.87"
"CL_LNZ_SRV_9910_Win02","11:00 AM 21 July 2026","850,464.92","875,776.81","6,323,939.67","6,375,700.5","0.32","1.19"
"CL_LNZ_SRV_9910_Win02","12:00 PM 21 July 2026","830,873.48","886,786.44","6,370,473.83","6,388,915","0.24","0.51"
"CL_LNZ_SRV_9910_Win02","1:00 PM 21 July 2026","819,826.11","883,503.12","6,376,292.67","6,409,660","0.24","0.47"
"CL_LNZ_SRV_9910_Win02","2:00 PM 21 July 2026","865,919.74","954,801.56","6,359,480.58","6,378,490.5","0.43","0.86"
"CL_LNZ_SRV_9910_Win02","3:00 PM 21 July 2026","837,053.63","912,653.62","6,396,832.46","6,463,748.5","0.23","0.5"
"CL_LNZ_SRV_9910_Win02","4:00 PM 21 July 2026","796,899.96","891,810.56","6,371,779.12","6,468,713.5","0.23","0.48"
"CL_LNZ_SRV_9910_Win02","5:00 PM 21 July 2026","686,853.88","799,095.06","6,284,233.64","6,318,562.5","0.22","0.46"
"CL_LNZ_SRV_9910_Win02","6:00 PM 21 July 2026","710,371.02","761,748.25","6,273,191.58","6,351,434","0.27","0.71"
"CL_LNZ_SRV_9910_Win02","7:00 PM 21 July 2026","710,698.65","783,621","6,314,566.71","6,390,127.5","0.3","0.68"
"CL_LNZ_SRV_9910_Win02","8:00 PM 21 July 2026","723,204.4","816,494.81","6,223,419.12","6,278,310.5","0.23","0.38"
"CL_LNZ_SRV_9910_Win02","9:00 PM 21 July 2026","679,659.45","731,181.94","6,143,873.79","6,174,629.5","0.23","0.39"
"CL_LNZ_SRV_9910_Win02","10:00 PM 21 July 2026","684,406.2","752,576.19","6,119,778.46","6,154,934","0.25","0.69"
"CL_LNZ_SRV_9910_Win02","11:00 PM 21 July 2026","650,825.88","719,500.88","6,059,952.75","6,140,619.5","0.22","0.38"
"CL_LNZ_SRV_9910_Win02","12:00 AM 22 July 2026","699,886.61","764,460.25","6,045,324.62","6,065,797.5","0.22","0.43"
"CL_LNZ_SRV_9910_Win02","1:00 AM 22 July 2026","711,021.72","925,284.75","6,073,229.62","6,108,641","0.23","0.42"
"CL_LNZ_SRV_9910_Win02","2:00 AM 22 July 2026","700,603.53","827,113.69","6,090,684.23","6,206,020.5","0.2","0.27"
"CL_LNZ_SRV_9910_Win02","3:00 AM 22 July 2026","671,083.43","860,449.62","6,033,541.21","6,090,685.5","0.23","0.58"
"CL_LNZ_SRV_9910_Win02","4:00 AM 22 July 2026","609,186.82","665,643.81","5,943,740.29","5,984,544","0.2","0.33"
"CL_LNZ_SRV_9910_Win02","5:00 AM 22 July 2026","629,784.73","750,303.5","6,024,550.29","6,044,120","0.21","0.39"
"CL_LNZ_SRV_9910_Win02","6:00 AM 22 July 2026","823,382.63","1,122,706.75","6,081,177.54","6,131,771","0.22","0.73"
"CL_LNZ_SRV_9910_Win02","7:00 AM 22 July 2026","734,667.94","763,739.88","6,135,913.79","6,199,114","0.21","0.44"
"CL_LNZ_SRV_9910_Win02","8:00 AM 22 July 2026","819,414.61","863,509.38","6,299,779.75","6,355,919","0.23","0.48"
"CL_LNZ_SRV_9910_Win02","9:00 AM 22 July 2026","853,607.5","912,299.75","6,439,494.21","6,487,687","0.25","0.5"
"CL_LNZ_SRV_9910_Win02","10:00 AM 22 July 2026","890,752.03","974,278.19","6,493,315.55","6,564,277.5","0.29","0.85"
"CL_LNZ_SRV_9910_Win02","11:00 AM 22 July 2026","882,901.51","965,599.19","6,509,752.96","6,548,902","0.28","0.64"
"CL_LNZ_SRV_9910_Win02","12:00 PM 22 July 2026","850,880.96","920,732.81","6,515,370.83","6,551,897.5","0.25","0.56"
"CL_LNZ_SRV_9910_Win02","1:00 PM 22 July 2026","843,823.98","926,680.62","6,521,886.75","6,572,297","0.25","0.5"
"CL_LNZ_SRV_9910_Win02","2:00 PM 22 July 2026","825,057.32","991,626.31","6,546,896.46","6,563,327","0.26","0.85"
"CL_LNZ_SRV_9910_Win02","3:00 PM 22 July 2026","811,573.3","877,372.25","6,571,800.54","6,628,882","0.23","0.49"
"CL_LNZ_SRV_9910_Win02","4:00 PM 22 July 2026","776,529.7","889,171.94","6,551,453.88","6,632,268.5","0.27","0.67"
"CL_LNZ_SRV_9910_Win02","5:00 PM 22 July 2026","678,556.56","802,581.06","6,460,281.17","6,488,395","0.21","0.44"
"CL_LNZ_SRV_9910_Win02","6:00 PM 22 July 2026","738,285.93","798,729.19","6,461,421.08","6,559,732.5","0.27","0.71"
"CL_LNZ_SRV_9910_Win02","7:00 PM 22 July 2026","732,016.68","830,065.5","6,474,237.32","6,559,837.5","0.23","0.39"
"CL_LNZ_SRV_9910_Win02","8:00 PM 22 July 2026","746,328.22","878,348.94","6,375,204.79","6,455,152.5","0.23","0.4"
"CL_LNZ_SRV_9910_Win02","9:00 PM 22 July 2026","692,133.2","758,583.06","6,300,019.46","6,342,851.5","0.23","0.39"
"CL_LNZ_SRV_9910_Win02","10:00 PM 22 July 2026","684,675.14","750,162","6,277,858.17","6,305,531.5","0.25","0.7"
"CL_LNZ_SRV_9910_Win02","11:00 PM 22 July 2026","622,601.24","694,640.56","6,206,903.21","6,275,222","0.22","0.38"
"CL_LNZ_SRV_9910_Win02","12:00 AM 23 July 2026","654,763.94","727,982.81","5,942,975.38","6,240,224.5","0.22","0.39"
"CL_LNZ_SRV_9910_Win02","1:00 AM 23 July 2026","666,335.36","881,904.62","5,798,134.96","5,900,583.5","0.22","0.42"
"CL_LNZ_SRV_9910_Win02","2:00 AM 23 July 2026","642,861.4","725,568.88","5,751,651.17","5,853,828.5","0.23","0.46"
"CL_LNZ_SRV_9910_Win02","3:00 AM 23 July 2026","659,874.72","913,315.62","5,732,677.5","5,777,217.5","0.24","0.53"
"CL_LNZ_SRV_9910_Win02","4:00 AM 23 July 2026","591,355.13","658,249.81","5,675,661.29","5,720,130","0.22","0.35"
"CL_LNZ_SRV_9910_Win02","5:00 AM 23 July 2026","605,554.92","725,567.19","5,859,511.54","5,893,945","0.22","0.39"
"CL_LNZ_SRV_9910_Win02","6:00 AM 23 July 2026","793,550.48","1,107,349.62","5,915,422.54","5,973,783.5","0.23","0.77"
"CL_LNZ_SRV_9910_Win02","7:00 AM 23 July 2026","728,384.41","787,768.75","6,013,169.29","6,100,076","0.22","0.43"
"CL_LNZ_SRV_9910_Win02","8:00 AM 23 July 2026","823,654.22","865,553.88","6,171,202.62","6,224,160","0.23","0.49"
"CL_LNZ_SRV_9910_Win02","9:00 AM 23 July 2026","877,021.44","927,647.81","6,281,905.29","6,313,808","0.25","0.52"
"CL_LNZ_SRV_9910_Win02","10:00 AM 23 July 2026","913,997.2","1,030,359.5","6,386,372.46","6,489,756","0.36","1.05"
"CL_LNZ_SRV_9910_Win02","11:00 AM 23 July 2026","891,909.08","948,757.25","6,372,613.58","6,402,144.5","0.3","0.61"
"CL_LNZ_SRV_9910_Win02","12:00 PM 23 July 2026","837,995.43","962,632.94","6,384,890.5","6,415,772.5","0.23","0.34"
"CL_LNZ_SRV_9910_Win02","1:00 PM 23 July 2026","835,493.99","892,531","6,392,920.46","6,432,246.5","0.24","0.49"
"CL_LNZ_SRV_9910_Win02","2:00 PM 23 July 2026","821,760.95","925,045.12","6,397,814.21","6,410,933.5","0.27","0.87"
"CL_LNZ_SRV_9910_Win02","3:00 PM 23 July 2026","825,001.01","863,403.06","6,422,466.25","6,476,909.5","0.23","0.48"
"CL_LNZ_SRV_9910_Win02","4:00 PM 23 July 2026","801,677.7","909,335.25","6,391,823.04","6,491,584.5","0.23","0.54"
"CL_LNZ_SRV_9910_Win02","5:00 PM 23 July 2026","686,440.52","793,518.62","6,316,586.83","6,358,515","0.22","0.48"
"CL_LNZ_SRV_9910_Win02","6:00 PM 23 July 2026","746,540.41","813,315.12","6,351,090","6,463,693.5","0.28","0.76"
"CL_LNZ_SRV_9910_Win02","7:00 PM 23 July 2026","722,598.17","811,147.69","6,367,105.12","6,474,750.5","0.24","0.4"
"CL_LNZ_SRV_9910_Win02","8:00 PM 23 July 2026","758,929.64","872,643.56","6,243,015.36","6,300,616.5","0.24","0.42"
"CL_LNZ_SRV_9910_Win02","9:00 PM 23 July 2026","698,025.92","784,427.81","6,174,400.25","6,240,325","0.23","0.38"
"CL_LNZ_SRV_9910_Win02","10:00 PM 23 July 2026","679,833.31","735,721.62","6,141,377.38","6,165,352","0.25","0.72"
"CL_LNZ_SRV_9910_Win02","11:00 PM 23 July 2026","638,581","699,980.81","6,088,601.88","6,156,494","0.22","0.39"
"CL_LNZ_SRV_9910_Win02","12:00 AM 24 July 2026","634,214.59","697,237.12","5,954,406.04","6,105,318.5","0.22","0.4"
"CL_LNZ_SRV_9910_Win02","1:00 AM 24 July 2026","662,070.07","818,286.5","5,891,848.75","5,982,783","0.29","0.83"
"CL_LNZ_SRV_9910_Win02","2:00 AM 24 July 2026","653,278.03","732,930.5","5,920,706.67","6,036,958.5","0.29","0.91"
"CL_LNZ_SRV_9910_Win02","3:00 AM 24 July 2026","637,216.36","894,546.31","5,813,950.54","6,011,200","0.25","0.56"
"CL_LNZ_SRV_9910_Win02","4:00 AM 24 July 2026","555,019.41","621,542.75","5,736,662.67","5,751,353.5","0.2","0.3"
"CL_LNZ_SRV_9910_Win02","5:00 AM 24 July 2026","584,549.54","716,647.06","5,807,382.05","5,817,273","0.21","0.33"
"CL_LNZ_SRV_9910_Win02","6:00 AM 24 July 2026","766,919.96","1,111,698.25","5,855,120.75","5,910,186.5","0.22","0.75"
"CL_LNZ_SRV_9910_Win02","7:00 AM 24 July 2026","676,394.23","708,311.62","5,917,882.5","5,969,283","0.26","0.74"
"CL_LNZ_SRV_9910_Win02","8:00 AM 24 July 2026","758,979.52","782,367.44","5,996,221","6,024,275","0.28","0.74"
"CL_LNZ_SRV_9910_Win02","9:00 AM 24 July 2026","802,159.98","860,992.62","6,118,570.25","6,170,735.5","0.23","0.47"
"CL_LNZ_SRV_9910_Win02","10:00 AM 24 July 2026","824,488.8","926,011.94","6,182,774.29","6,264,457.5","0.26","0.87"
"CL_LNZ_SRV_9910_Win02","11:00 AM 24 July 2026","820,388.21","867,975.56","6,213,648.17","6,259,705.5","0.24","0.48"
"CL_LNZ_SRV_9910_Win02","12:00 PM 24 July 2026","807,904.3","885,922.56","6,228,983.12","6,255,773","0.29","0.81"
"CL_LNZ_SRV_9910_Win02","1:00 PM 24 July 2026","793,914.77","850,644.62","6,250,583.41","6,270,121.5","0.23","0.48"
"CL_LNZ_SRV_9910_Win02","2:00 PM 24 July 2026","807,671.87","914,136.62","6,236,931.38","6,248,686","0.26","0.73"
"CL_LNZ_SRV_9910_Win02","3:00 PM 24 July 2026","773,709.32","843,451.88","6,243,777.12","6,303,073.5","0.22","0.45"
"CL_LNZ_SRV_9910_Win02","4:00 PM 24 July 2026","725,263.15","794,341.62","6,224,958.29","6,303,407.5","0.22","0.45"
"CL_LNZ_SRV_9910_Win02","5:00 PM 24 July 2026","633,601.78","711,171.12","6,153,422.88","6,196,190.5","0.22","0.43"
"CL_LNZ_SRV_9910_Win02","6:00 PM 24 July 2026","703,043.93","745,189.69","6,209,813.71","6,324,368","0.25","0.69"
"CL_LNZ_SRV_9910_Win02","7:00 PM 24 July 2026","707,602.83","777,777.94","6,228,211.08","6,367,622","0.28","0.56"
"CL_LNZ_SRV_9910_Win02","8:00 PM 24 July 2026","725,852.38","837,221.25","6,114,509.25","6,198,456.5","0.24","0.41"
"CL_LNZ_SRV_9910_Win02","9:00 PM 24 July 2026","674,569.24","764,197.12","6,035,379.54","6,088,154","0.24","0.39"
"CL_LNZ_SRV_9910_Win02","10:00 PM 24 July 2026","666,123.76","784,781.69","5,999,661","6,023,747","0.24","0.57"
"CL_LNZ_SRV_9910_Win02","11:00 PM 24 July 2026","620,918.96","691,485.75","5,986,511.46","6,039,365.5","0.23","0.38"
"CL_LNZ_SRV_9910_Win02","12:00 AM 25 July 2026","599,276.1","703,913.19","5,963,278.42","5,992,397","0.23","0.4"
"CL_LNZ_SRV_9910_Win02","1:00 AM 25 July 2026","603,306.15","757,861","5,967,032.67","5,979,164","0.23","0.5"
"CL_LNZ_SRV_9910_Win02","2:00 AM 25 July 2026","605,786.05","677,700.38","6,024,901.33","6,132,579.5","0.26","0.86"
"CL_LNZ_SRV_9910_Win02","3:00 AM 25 July 2026","594,102.75","846,622.75","6,005,619.92","6,040,968","0.25","0.76"
"CL_LNZ_SRV_9910_Win02","4:00 AM 25 July 2026","564,902.74","629,721","5,936,199.38","5,974,087.5","0.22","0.38"
"CL_LNZ_SRV_9910_Win02","5:00 AM 25 July 2026","586,991.66","675,600.25","5,936,313.5","5,944,563.5","0.22","0.41"
"CL_LNZ_SRV_9910_Win02","6:00 AM 25 July 2026","755,613.22","1,074,317.12","5,991,140.82","6,031,636.5","0.23","0.74"
"CL_LNZ_SRV_9910_Win02","7:00 AM 25 July 2026","604,053.97","704,951.69","5,988,260.38","6,013,825.5","0.22","0.46"
"CL_LNZ_SRV_9910_Win02","8:00 AM 25 July 2026","605,181.13","657,710.5","5,995,529.42","6,011,034","0.22","0.44"
"CL_LNZ_SRV_9910_Win02","9:00 AM 25 July 2026","584,463.76","644,599.88","5,979,876.67","6,008,644","0.23","0.45"
"CL_LNZ_SRV_9910_Win02","10:00 AM 25 July 2026","571,126.91","664,101.25","5,969,064.54","5,980,413.5","0.25","0.77"
"CL_LNZ_SRV_9910_Win02","11:00 AM 25 July 2026","557,520.85","601,163.38","5,974,278.46","5,979,552.5","0.23","0.44"
"CL_LNZ_SRV_9910_Win02","12:00 PM 25 July 2026","556,792.09","620,642.06","5,999,993.12","6,024,373","0.27","0.66"
"CL_LNZ_SRV_9910_Win02","1:00 PM 25 July 2026","538,720.74","585,005.44","6,007,418.75","6,021,395","0.22","0.43"
"CL_LNZ_SRV_9910_Win02","2:00 PM 25 July 2026","547,391.65","628,464.75","6,000,932.75","6,014,579","0.26","0.76"
"CL_LNZ_SRV_9910_Win02","3:00 PM 25 July 2026","569,894.62","655,740.19","5,991,678.23","6,003,937","0.21","0.27"
"CL_LNZ_SRV_9910_Win02","4:00 PM 25 July 2026","537,050.8","576,631.75","5,993,137.04","6,003,458.5","0.23","0.43"
"CL_LNZ_SRV_9910_Win02","5:00 PM 25 July 2026","533,084.16","565,339.5","5,966,069.83","5,976,867.5","0.22","0.43"
"CL_LNZ_SRV_9910_Win02","6:00 PM 25 July 2026","546,577.74","619,487.5","5,963,406.67","5,970,803","0.25","0.69"
"CL_LNZ_SRV_9910_Win02","7:00 PM 25 July 2026","691,162.02","784,389","5,941,385.25","5,987,563","0.22","0.39"
"CL_LNZ_SRV_9910_Win02","8:00 PM 25 July 2026","695,683.26","736,823.38","6,004,677","6,020,152","0.21","0.37"
"CL_LNZ_SRV_9910_Win02","9:00 PM 25 July 2026","668,220.76","712,463.81","6,010,733.5","6,020,422","0.22","0.36"
"CL_LNZ_SRV_9910_Win02","10:00 PM 25 July 2026","670,335.54","766,394.88","6,034,651.38","6,049,958.5","0.24","0.67"
"CL_LNZ_SRV_9910_Win02","11:00 PM 25 July 2026","675,570.93","771,539.38","6,037,775.68","6,053,312.5","0.21","0.33"
"CL_LNZ_SRV_9910_Win02","12:00 AM 26 July 2026","722,177.62","805,030.69","6,084,619.25","6,116,133","0.2","0.37"
"CL_LNZ_SRV_9910_Win02","1:00 AM 26 July 2026","696,640.17","834,422.81","6,120,428.12","6,129,893","0.2","0.48"
"CL_LNZ_SRV_9910_Win02","2:00 AM 26 July 2026","706,820.3","783,855.75","6,186,200.79","6,218,797","0.23","0.73"
"CL_LNZ_SRV_9910_Win02","3:00 AM 26 July 2026","608,295.8","965,390.25","6,121,540.46","6,272,123.5","0.23","0.76"
"CL_LNZ_SRV_9910_Win02","4:00 AM 26 July 2026","598,472.89","659,848.5","6,291,661.62","6,329,244","0.2","0.39"
"CL_LNZ_SRV_9910_Win02","5:00 AM 26 July 2026","605,452.45","729,122.88","6,347,742.38","6,372,051","0.34","0.77"
"CL_LNZ_SRV_9910_Win02","6:00 AM 26 July 2026","720,534.02","1,002,468","6,394,910.08","6,425,256.5","0.22","0.67"
"CL_LNZ_SRV_9910_Win02","7:00 AM 26 July 2026","604,420.99","711,846.75","6,382,448.5","6,394,606","0.2","0.3"
"CL_LNZ_SRV_9910_Win02","8:00 AM 26 July 2026","598,335.05","662,098.56","6,398,037.25","6,412,955.5","0.21","0.41"
"CL_LNZ_SRV_9910_Win02","9:00 AM 26 July 2026","591,842.41","624,969.94","6,409,006.08","6,420,706","0.21","0.42"
"CL_LNZ_SRV_9910_Win02","10:00 AM 26 July 2026","601,053.67","693,409.25","6,426,502.12","6,434,053.5","0.23","0.72"
"CL_LNZ_SRV_9910_Win02","11:00 AM 26 July 2026","574,774.18","623,452.25","6,426,946.25","6,435,981.5","0.21","0.42"
"CL_LNZ_SRV_9910_Win02","12:00 PM 26 July 2026","583,798.3","636,361.12","6,430,629.08","6,448,515.5","0.22","0.42"
"CL_LNZ_SRV_9910_Win02","1:00 PM 26 July 2026","561,258.93","620,702.06","6,427,388.75","6,447,376","0.22","0.42"
"CL_LNZ_SRV_9910_Win02","2:00 PM 26 July 2026","571,364.63","685,361.5","6,423,323.29","6,434,787","0.25","0.77"
"CL_LNZ_SRV_9910_Win02","3:00 PM 26 July 2026","569,734.39","626,715.5","6,427,226.41","6,434,589","0.23","0.43"
"CL_LNZ_SRV_9910_Win02","4:00 PM 26 July 2026","758,609.42","840,180.69","6,238,501","6,466,591.5","0.22","0.43"
"CL_LNZ_SRV_9910_Win02","5:00 PM 26 July 2026","608,290.88","682,751.5","6,155,156.12","6,167,884.5","0.21","0.4"
"CL_LNZ_SRV_9910_Win02","6:00 PM 26 July 2026","582,431.38","632,451.56","6,135,479.38","6,167,209.5","0.24","0.57"
"CL_LNZ_SRV_9910_Win02","7:00 PM 26 July 2026","581,757.63","604,293.06","6,203,017.17","6,214,809","0.22","0.38"
"CL_LNZ_SRV_9910_Win02","8:00 PM 26 July 2026","624,552.68","666,615.81","6,222,840.92","6,236,222","0.22","0.36"
"CL_LNZ_SRV_9910_Win02","9:00 PM 26 July 2026","609,634.56","662,712.12","6,117,178.62","6,221,993.5","0.23","0.36"
"CL_LNZ_SRV_9910_Win02","10:00 PM 26 July 2026","594,008.6","677,311.69","6,050,678.33","6,074,726.5","0.24","0.66"
"CL_LNZ_SRV_9910_Win02","11:00 PM 26 July 2026","588,730.22","633,106.19","6,071,834.96","6,105,372.5","0.22","0.36"
"CL_LNZ_SRV_9910_Win02","12:00 AM 27 July 2026","638,067.66","749,952.88","6,119,046.91","6,140,948.5","0.21","0.34"
"CL_LNZ_SRV_9910_Win02","1:00 AM 27 July 2026","663,145.19","880,362.44","6,113,608","6,169,541.5","0.22","0.37"
"CL_LNZ_SRV_9910_Win02","2:00 AM 27 July 2026","616,387.49","690,671.25","6,060,832.54","6,205,115","0.22","0.47"
"CL_LNZ_SRV_9910_Win02","3:00 AM 27 July 2026","618,310.89","810,080.94","6,067,152.33","6,101,973","0.23","0.53"
"CL_LNZ_SRV_9910_Win02","4:00 AM 27 July 2026","569,675.65","628,847.38","6,061,930","6,086,375","0.22","0.33"
"CL_LNZ_SRV_9910_Win02","5:00 AM 27 July 2026","585,155.5","692,683.56","6,140,315.62","6,156,157","0.22","0.4"
"CL_LNZ_SRV_9910_Win02","6:00 AM 27 July 2026","723,659.66","996,629.94","6,141,043.58","6,163,860.5","0.23","0.77"
"CL_LNZ_SRV_9910_Win02","7:00 AM 27 July 2026","748,034.52","833,752.75","6,206,057.96","6,320,826","0.25","0.46"
"CL_LNZ_SRV_9910_Win02","8:00 AM 27 July 2026","779,856.78","879,185.56","6,357,441","6,395,601","0.24","0.48"
"CL_LNZ_SRV_9910_Win02","9:00 AM 27 July 2026","825,670.54","860,989.5","6,467,666.92","6,517,883","0.25","0.52"
"CL_LNZ_SRV_9910_Win02","10:00 AM 27 July 2026","835,059.39","913,920.44","6,485,282.79","6,611,350","0.27","0.87"
"CL_LNZ_SRV_9910_Win02","11:00 AM 27 July 2026","833,955.97","893,476.12","6,560,127.12","6,602,013","0.25","0.53"
"CL_LNZ_SRV_9910_Win02","12:00 PM 27 July 2026","838,841.66","900,614","6,580,462.33","6,595,258.5","0.28","0.67"
"CL_LNZ_SRV_9910_Win02","1:00 PM 27 July 2026","807,158.03","883,909.38","6,624,347.46","6,675,498.5","0.24","0.53"
"CL_LNZ_SRV_9910_Win02","2:00 PM 27 July 2026","802,607.01","933,193.44","6,635,996.25","6,665,478","0.27","0.86"
"CL_LNZ_SRV_9910_Win02","3:00 PM 27 July 2026","812,778.25","879,302.19","6,644,577.79","6,692,058.5","0.24","0.5"
"CL_LNZ_SRV_9910_Win02","4:00 PM 27 July 2026","791,605.67","914,079.5","6,610,064.12","6,678,475","0.25","0.52"
"CL_LNZ_SRV_9910_Win02","5:00 PM 27 July 2026","669,511.68","797,839.88","6,517,614.64","6,563,871.5","0.21","0.26"
"CL_LNZ_SRV_9910_Win02","6:00 PM 27 July 2026","703,265.84","752,953.81","6,447,193.46","6,608,167","0.25","0.73"
"CL_LNZ_SRV_9910_Win02","7:00 PM 27 July 2026","718,639.72","799,347.38","6,541,744.75","6,646,897.5","0.25","0.45"
"CL_LNZ_SRV_9910_Win02","8:00 PM 27 July 2026","721,332.82","831,056.5","6,436,681.42","6,487,912.5","0.23","0.43"
"CL_LNZ_SRV_9910_Win02","9:00 PM 27 July 2026","680,985.35","744,780.12","6,372,334.54","6,422,471","0.23","0.39"
"CL_LNZ_SRV_9910_Win02","10:00 PM 27 July 2026","660,054.95","727,709.44","6,343,790.62","6,375,018","0.25","0.7"
"CL_LNZ_SRV_9910_Win02","11:00 PM 27 July 2026","621,892.55","695,172.75","6,306,611.67","6,376,296","0.22","0.38"
